datetime,timestamp,time_str,pool_size,n_signals,signals,natr_passed_no_trend_count,natr_passed_no_trend,natr_passed_count
2026-08-25 10:55:30,1787644530945,10:55:30,256,0,,0,,0
2026-08-25 10:56:29,1787644589833,10:56:29,256,0,,0,,0
2026-08-25 10:57:32,1787644652171,10:57:32,256,0,,0,,0
2026-08-25 10:58:32,1787644712714,10:58:32,256,0,,0,,0
2026-08-25 10:59:33,1787644773607,10:59:33,256,0,,0,,0
2026-08-25 11:00:36,1787644836254,11:00:36,256,0,,1,#300UAIUSDT(1.14),1
2026-08-25 11:01:33,1787644893373,11:01:33,256,0,,1,#300UAIUSDT(1.26),1
2026-08-25 11:02:31,1787644951135,11:02:31,256,0,,1,#160CASHCATUSDT(1.72),1
2026-08-25 11:03:30,1787645010249,11:03:30,256,0,,0,,0
2026-08-25 11:04:29,1787645069969,11:04:29,256,0,,0,,0
2026-08-25 11:05:32,1787645132423,11:05:32,256,0,,0,,0
2026-08-25 11:06:32,1787645192211,11:06:32,256,0,,0,,0
2026-08-25 11:07:30,1787645250208,11:07:30,256,0,,0,,0
2026-08-25 11:08:30,1787645310764,11:08:30,256,0,,0,,0
2026-08-25 11:09:32,1787645372048,11:09:32,256,0,,0,,0
2026-08-25 11:10:30,1787645430427,11:10:30,256,0,,0,,0
2026-08-25 11:11:32,1787645492432,11:11:32,256,0,,0,,0
2026-08-25 11:12:31,1787645551806,11:12:31,256,0,,1,#317BRUSDT(1.00),1
2026-08-25 11:13:27,1787645607670,11:13:27,256,0,,0,,0
2026-08-25 11:14:32,1787645672260,11:14:32,256,0,,0,,0
2026-08-25 11:15:34,1787645734762,11:15:34,256,0,,0,,0
2026-08-25 11:16:34,1787645794142,11:16:34,256,0,,0,,0
2026-08-25 11:17:32,1787645852362,11:17:32,256,0,,0,,0
2026-08-25 11:18:31,1787645911587,11:18:31,256,0,,0,,0
2026-08-25 11:19:30,1787645970551,11:19:30,256,0,,0,,0
2026-08-25 11:20:31,1787646031896,11:20:31,256,0,,0,,0
2026-08-25 11:21:31,1787646091908,11:21:31,256,0,,0,,0
2026-08-25 11:22:32,1787646152374,11:22:32,256,0,,0,,0
2026-08-25 11:23:32,1787646212432,11:23:32,256,0,,0,,0
2026-08-25 11:24:31,1787646271095,11:24:31,256,0,,0,,0
2026-08-25 11:25:31,1787646331850,11:25:31,256,0,,0,,0
2026-08-25 11:26:33,1787646393858,11:26:33,256,0,,0,,0
2026-08-25 11:27:38,1787646458334,11:27:38,256,0,,0,,0
2026-08-25 11:28:55,1787646535360,11:28:55,256,0,,0,,0
2026-08-25 11:29:37,1787646577350,11:29:37,256,0,,0,,0
2026-08-25 11:30:36,1787646636766,11:30:36,256,0,,0,,0
2026-08-25 11:31:41,1787646701617,11:31:41,256,0,,1,#481ONGUSDT(1.56),1
2026-08-25 11:32:59,1787646779746,11:32:59,256,0,,0,,0
2026-08-25 11:33:54,1787646834909,11:33:54,256,0,,0,,0
2026-08-25 11:35:00,1787646900673,11:35:00,256,1,#547HNTUSDT,0,,1
2026-08-25 11:35:58,1787646958171,11:35:58,256,0,,1,#481ONGUSDT(1.74),1
2026-08-25 11:37:00,1787647020322,11:37:00,256,0,,0,,0
2026-08-25 11:37:59,1787647079920,11:37:59,256,0,,0,,0
2026-08-25 11:39:01,1787647141759,11:39:01,256,0,,0,,0
2026-08-25 11:40:02,1787647202409,11:40:02,256,0,,0,,0
2026-08-25 11:41:03,1787647263937,11:41:03,256,0,,0,,0
2026-08-25 11:42:04,1787647324809,11:42:04,256,0,,0,,0
2026-08-25 11:43:09,1787647389369,11:43:09,256,0,,0,,0
2026-08-25 11:44:28,1787647468073,11:44:28,256,0,,0,,0
2026-08-25 11:45:38,1787647538305,11:45:38,256,0,,0,,0
2026-08-25 11:46:40,1787647600930,11:46:40,256,0,,1,#160CASHCATUSDT(0.99),1
2026-08-25 11:47:42,1787647662446,11:47:42,256,0,,0,,0
2026-08-25 11:48:40,1787647720936,11:48:40,256,0,,0,,0
2026-08-25 11:49:32,1787647772257,11:49:32,256,0,,0,,0
2026-08-25 11:50:17,1787647817350,11:50:17,256,0,,0,,0
2026-08-25 11:51:14,1787647874089,11:51:14,256,0,,0,,0
2026-08-25 11:52:17,1787647937129,11:52:17,256,0,,0,,0
2026-08-25 11:53:15,1787647995742,11:53:15,256,0,,0,,0
2026-08-25 11:54:15,1787648055750,11:54:15,256,0,,0,,0
2026-08-25 11:55:15,1787648115291,11:55:15,256,0,,0,,0
2026-08-25 11:56:15,1787648175811,11:56:15,256,0,,1,#160CASHCATUSDT(0.96),1
2026-08-25 11:57:20,1787648240284,11:57:20,256,0,,0,,0
2026-08-25 11:58:14,1787648294714,11:58:14,256,0,,0,,0
2026-08-25 11:59:16,1787648356051,11:59:16,256,0,,0,,0
2026-08-25 12:00:19,1787648419849,12:00:19,256,0,,1,#548ZEREBROUSDT(1.18),1
2026-08-25 12:01:13,1787648473676,12:01:13,256,0,,1,#481ONGUSDT(1.18),1
2026-08-25 12:02:15,1787648535651,12:02:15,256,0,,0,,0
2026-08-25 12:03:15,1787648595357,12:03:15,256,0,,0,,0
2026-08-25 12:04:25,1787648665710,12:04:25,256,0,,0,,0
2026-08-25 12:05:20,1787648720003,12:05:20,256,0,,0,,0
2026-08-25 12:06:26,1787648786250,12:06:26,256,0,,0,,0
2026-08-25 12:07:24,1787648844419,12:07:24,256,0,,0,,0
2026-08-25 12:08:18,1787648898971,12:08:18,256,0,,0,,0
2026-08-25 12:09:19,1787648959464,12:09:19,256,0,,0,,0
2026-08-25 12:10:13,1787649013835,12:10:13,256,0,,0,,0
2026-08-25 12:11:14,1787649074920,12:11:14,256,0,,0,,0
2026-08-25 12:12:17,1787649137854,12:12:17,256,0,,1,#353VELVETUSDT(0.91),1
2026-08-25 12:13:11,1787649191984,12:13:11,256,0,,0,,0
2026-08-25 12:14:15,1787649255923,12:14:15,256,0,,0,,0
2026-08-25 12:15:20,1787649320716,12:15:20,256,0,,0,,0
2026-08-25 12:16:10,1787649370668,12:16:10,256,0,,0,,0
2026-08-25 12:17:13,1787649433607,12:17:13,256,0,,1,#481ONGUSDT(1.33),1
2026-08-25 12:18:15,1787649495556,12:18:15,256,0,,0,,0
2026-08-25 12:19:13,1787649553213,12:19:13,256,0,,0,,0
2026-08-25 12:20:13,1787649613438,12:20:13,256,0,,0,,0
2026-08-25 12:21:13,1787649673897,12:21:13,256,0,,0,,0
2026-08-25 12:22:13,1787649733588,12:22:13,256,0,,1,#160CASHCATUSDT(0.98),1
2026-08-25 12:23:12,1787649792460,12:23:12,256,0,,0,,0
2026-08-25 12:24:17,1787649857039,12:24:17,256,0,,0,,0
2026-08-25 12:25:18,1787649918236,12:25:18,256,0,,0,,0
2026-08-25 12:26:18,1787649978410,12:26:18,256,0,,0,,0
2026-08-25 12:27:16,1787650036183,12:27:16,256,0,,1,#160CASHCATUSDT(1.03),1
2026-08-25 12:28:15,1787650095491,12:28:15,256,0,,0,,0
2026-08-25 12:29:14,1787650154280,12:29:14,256,0,,0,,0
2026-08-25 12:30:15,1787650215272,12:30:15,256,0,,0,,0
2026-08-25 12:31:12,1787650272521,12:31:12,256,0,,0,,0
2026-08-25 12:32:13,1787650333513,12:32:13,256,0,,0,,0
2026-08-25 12:33:14,1787650394105,12:33:14,256,0,,0,,0
2026-08-25 12:34:14,1787650454717,12:34:14,256,0,,0,,0
2026-08-25 12:35:14,1787650514952,12:35:14,256,0,,0,,0
2026-08-25 12:36:16,1787650576716,12:36:16,256,0,,0,,0
2026-08-25 12:37:14,1787650634299,12:37:14,256,0,,0,,0
2026-08-25 12:38:15,1787650695949,12:38:15,256,0,,0,,0
2026-08-25 12:39:17,1787650757102,12:39:17,256,0,,0,,0
2026-08-25 12:40:15,1787650815303,12:40:15,256,0,,0,,0
2026-08-25 12:41:14,1787650874805,12:41:14,256,0,,0,,0
2026-08-25 12:42:13,1787650933953,12:42:13,256,0,,0,,0
2026-08-25 12:43:16,1787650996098,12:43:16,256,0,,1,#481ONGUSDT(1.02),1
2026-08-25 12:44:16,1787651056629,12:44:16,256,0,,1,#185TWTUSDT(0.98),1
2026-08-25 12:45:16,1787651116462,12:45:16,256,0,,0,,0
2026-08-25 12:46:16,1787651176856,12:46:16,256,0,,1,#481ONGUSDT(0.96),1
2026-08-25 12:47:15,1787651235336,12:47:15,256,0,,0,,0
2026-08-25 12:48:16,1787651296748,12:48:16,256,0,,0,,0
2026-08-25 12:49:16,1787651356193,12:49:16,256,0,,0,,0
2026-08-25 12:50:14,1787651414753,12:50:14,256,0,,0,,0
2026-08-25 12:51:14,1787651474439,12:51:14,256,0,,1,#481ONGUSDT(0.91),1
2026-08-25 12:52:15,1787651535506,12:52:15,256,0,,0,,0
2026-08-25 12:53:13,1787651593739,12:53:13,256,0,,0,,0
2026-08-25 12:54:15,1787651655398,12:54:15,256,0,,0,,0
2026-08-25 12:55:13,1787651713886,12:55:13,256,0,,1,#160CASHCATUSDT(0.91),1
2026-08-25 12:56:14,1787651774618,12:56:14,256,0,,1,#160CASHCATUSDT(1.00),1
2026-08-25 12:57:14,1787651834653,12:57:14,256,0,,0,,0
2026-08-25 12:58:14,1787651894969,12:58:14,256,0,,0,,0
2026-08-25 12:59:16,1787651956056,12:59:16,256,0,,0,,0
2026-08-25 13:00:15,1787652015535,13:00:15,256,0,,0,,0
2026-08-25 13:01:13,1787652073915,13:01:13,256,0,,0,,0
2026-08-25 13:02:13,1787652133843,13:02:13,256,0,,0,,0
2026-08-25 13:03:31,1787652211147,13:03:31,256,0,,0,,0
2026-08-25 13:04:37,1787652277745,13:04:37,256,0,,0,,0
2026-08-25 13:05:27,1787652327459,13:05:27,256,0,,0,,0
2026-08-25 13:06:31,1787652391723,13:06:31,256,0,,0,,0
2026-08-25 13:07:27,1787652447141,13:07:27,256,0,,0,,0
2026-08-25 13:08:24,1787652504588,13:08:24,256,0,,0,,0
2026-08-25 13:09:23,1787652563123,13:09:23,256,0,,0,,0
2026-08-25 13:10:21,1787652621934,13:10:21,256,0,,1,#481ONGUSDT(0.91),1
2026-08-25 13:11:24,1787652684515,13:11:24,256,0,,0,,0
2026-08-25 13:12:26,1787652746365,13:12:26,256,0,,0,,0
2026-08-25 13:13:32,1787652812509,13:13:32,256,0,,0,,0
2026-08-25 13:14:34,1787652874141,13:14:34,256,0,,0,,0
2026-08-25 13:15:35,1787652935213,13:15:35,256,0,,0,,0
2026-08-25 13:16:32,1787652992633,13:16:32,256,0,,0,,0
2026-08-25 13:17:33,1787653053340,13:17:33,256,0,,0,,0
2026-08-25 13:18:29,1787653109463,13:18:29,256,0,,0,,0
2026-08-25 13:19:31,1787653171827,13:19:31,256,0,,0,,0
2026-08-25 13:20:30,1787653230009,13:20:30,256,0,,1,#160CASHCATUSDT(1.02),1
2026-08-25 13:21:22,1787653282389,13:21:22,256,0,,1,#160CASHCATUSDT(1.07),1
2026-08-25 13:22:25,1787653345175,13:22:25,256,0,,0,,0
2026-08-25 13:23:25,1787653405012,13:23:25,256,0,,0,,0
2026-08-25 13:24:23,1787653463943,13:24:23,256,0,,0,,0
2026-08-25 13:25:21,1787653521233,13:25:21,256,0,,0,,0
2026-08-25 13:26:23,1787653583712,13:26:23,256,0,,1,#160CASHCATUSDT(1.08),1
2026-08-25 13:27:18,1787653638231,13:27:18,256,0,,0,,0
2026-08-25 13:28:19,1787653699838,13:28:19,256,0,,0,,0
2026-08-25 13:29:21,1787653761247,13:29:21,256,0,,0,,0
2026-08-25 13:30:23,1787653823485,13:30:23,256,0,,0,,0
2026-08-25 13:31:22,1787653882371,13:31:22,256,0,,0,,0
2026-08-25 13:32:26,1787653946147,13:32:26,256,0,,2,#443PEAQUSDT(0.96);#481ONGUSDT(0.92),2
2026-08-25 13:33:27,1787654007423,13:33:27,256,0,,2,#443PEAQUSDT(1.05);#481ONGUSDT(0.92),2
2026-08-25 13:34:27,1787654067535,13:34:27,256,0,,0,,0
2026-08-25 13:35:26,1787654126918,13:35:26,256,0,,0,,0
2026-08-25 13:36:23,1787654183500,13:36:23,256,0,,0,,0
2026-08-25 13:37:21,1787654241946,13:37:21,256,0,,0,,0
2026-08-25 13:38:20,1787654300876,13:38:20,256,0,,0,,0
2026-08-25 13:39:23,1787654363763,13:39:23,256,0,,0,,0
2026-08-25 13:40:18,1787654418575,13:40:18,256,0,,0,,0
2026-08-25 13:41:22,1787654482469,13:41:22,256,0,,0,,0
2026-08-25 13:42:19,1787654539767,13:42:19,256,0,,0,,0
2026-08-25 13:43:20,1787654600231,13:43:20,256,0,,0,,0
2026-08-25 13:44:27,1787654667277,13:44:27,256,0,,0,,0
2026-08-25 13:45:26,1787654726891,13:45:26,256,0,,0,,0
2026-08-25 13:46:16,1787654776770,13:46:16,256,0,,0,,0
2026-08-25 13:47:22,1787654842718,13:47:22,256,0,,0,,0
2026-08-25 13:48:24,1787654904722,13:48:24,256,0,,0,,0
2026-08-25 13:49:21,1787654961577,13:49:21,256,0,,0,,0
2026-08-25 13:50:23,1787655023058,13:50:23,256,0,,0,,0
2026-08-25 13:51:25,1787655085282,13:51:25,256,0,,0,,0
2026-08-25 13:52:19,1787655139361,13:52:19,256,0,,0,,0
2026-08-25 13:53:14,1787655194714,13:53:14,256,0,,0,,0
2026-08-25 13:54:15,1787655255292,13:54:15,256,0,,0,,0
2026-08-25 13:55:36,1787655336833,13:55:36,256,0,,0,,0
2026-08-25 13:56:18,1787655378649,13:56:18,256,0,,0,,0
2026-08-25 13:57:15,1787655435039,13:57:15,256,0,,0,,0
2026-08-25 13:58:14,1787655494263,13:58:14,256,0,,0,,0
2026-08-25 13:59:18,1787655558405,13:59:18,256,0,,0,,0
2026-08-25 14:00:19,1787655619385,14:00:19,256,0,,0,,0
2026-08-25 14:01:17,1787655677375,14:01:17,256,0,,0,,0
2026-08-25 14:02:15,1787655735954,14:02:15,256,0,,0,,0
2026-08-25 14:03:14,1787655794669,14:03:14,256,0,,1,#353VELVETUSDT(0.92),1
2026-08-25 14:04:15,1787655855867,14:04:15,256,0,,1,#353VELVETUSDT(1.06),1
2026-08-25 14:05:18,1787655918003,14:05:18,256,0,,0,,0
2026-08-25 14:06:18,1787655978719,14:06:18,256,0,,0,,0
2026-08-25 14:07:18,1787656038027,14:07:18,256,0,,0,,0
2026-08-25 14:08:17,1787656097442,14:08:17,256,0,,0,,0
2026-08-25 14:09:15,1787656155350,14:09:15,256,0,,0,,0
2026-08-25 14:10:17,1787656217686,14:10:17,256,0,,0,,0
2026-08-25 14:11:23,1787656283505,14:11:23,256,0,,0,,0
2026-08-25 14:12:25,1787656345153,14:12:25,256,0,,1,#160CASHCATUSDT(0.94),1
2026-08-25 14:13:15,1787656395464,14:13:15,256,0,,1,#481ONGUSDT(1.00),1
2026-08-25 14:14:32,1787656472882,14:14:32,256,0,,1,#535TUTUSDT(0.90),1
2026-08-25 14:15:35,1787656535670,14:15:35,256,0,,0,,0
2026-08-25 14:16:46,1787656606023,14:16:46,256,1,#443PEAQUSDT,0,,1
2026-08-25 14:17:51,1787656671459,14:17:51,256,0,,0,,0
2026-08-25 14:18:50,1787656730993,14:18:50,256,0,,0,,0
2026-08-25 14:19:40,1787656780369,14:19:40,256,0,,2,#160CASHCATUSDT(0.94);#481ONGUSDT(0.97),2
2026-08-25 14:20:27,1787656827245,14:20:27,256,0,,0,,0
2026-08-25 14:21:28,1787656888352,14:21:28,256,0,,0,,0
2026-08-25 14:22:26,1787656946154,14:22:26,256,0,,1,#160CASHCATUSDT(0.98),1
2026-08-25 14:23:25,1787657005564,14:23:25,256,0,,2,#160CASHCATUSDT(1.14);#481ONGUSDT(1.08),2
2026-08-25 14:24:23,1787657063010,14:24:23,256,0,,0,,0
2026-08-25 14:25:23,1787657123398,14:25:23,256,0,,0,,0
2026-08-25 14:26:23,1787657183813,14:26:23,256,0,,0,,0
2026-08-25 14:27:23,1787657243061,14:27:23,256,0,,0,,0
2026-08-25 14:28:23,1787657303614,14:28:23,256,0,,1,#535TUTUSDT(1.01),1
2026-08-25 14:29:24,1787657364697,14:29:24,256,0,,0,,0
2026-08-25 14:30:25,1787657425117,14:30:25,256,0,,0,,0
2026-08-25 14:31:24,1787657484523,14:31:24,256,0,,0,,0
2026-08-25 14:32:22,1787657542613,14:32:22,256,0,,1,#481ONGUSDT(1.33),1
2026-08-25 14:33:21,1787657601637,14:33:21,256,0,,0,,0
2026-08-25 14:34:23,1787657663027,14:34:23,256,0,,0,,0
2026-08-25 14:35:23,1787657723048,14:35:23,256,0,,1,#160CASHCATUSDT(1.33),1
2026-08-25 14:36:23,1787657783959,14:36:23,256,0,,0,,0
2026-08-25 14:37:23,1787657843028,14:37:23,256,0,,0,,0
2026-08-25 14:38:22,1787657902915,14:38:22,256,0,,0,,0
2026-08-25 14:39:24,1787657964003,14:39:24,256,0,,0,,0
2026-08-25 14:40:24,1787658024024,14:40:24,256,0,,0,,0
2026-08-25 14:41:25,1787658085271,14:41:25,256,0,,0,,0
2026-08-25 14:42:24,1787658144826,14:42:24,256,0,,0,,0
2026-08-25 14:43:27,1787658207051,14:43:27,256,0,,0,,0
2026-08-25 14:44:25,1787658265844,14:44:25,256,0,,0,,0
2026-08-25 14:45:26,1787658326097,14:45:26,256,0,,1,#353VELVETUSDT(0.99),1
2026-08-25 14:46:21,1787658381650,14:46:21,256,0,,1,#353VELVETUSDT(1.14),1
2026-08-25 14:47:24,1787658444956,14:47:24,256,0,,1,#353VELVETUSDT(1.32),1
2026-08-25 14:48:26,1787658506982,14:48:26,256,0,,0,,0
2026-08-25 14:49:28,1787658568927,14:49:28,256,0,,1,#160CASHCATUSDT(1.38),1
2026-08-25 14:50:41,1787658641198,14:50:41,256,0,,0,,0
2026-08-25 14:51:38,1787658698012,14:51:38,256,0,,0,,0
2026-08-25 14:52:28,1787658748219,14:52:28,256,0,,0,,0
2026-08-25 14:53:26,1787658806445,14:53:26,256,0,,0,,0
2026-08-25 14:54:27,1787658867826,14:54:27,256,0,,0,,0
2026-08-25 14:55:24,1787658924545,14:55:24,256,0,,0,,0
2026-08-25 14:56:23,1787658983539,14:56:23,256,0,,0,,0
2026-08-25 14:57:25,1787659045760,14:57:25,256,0,,0,,0
2026-08-25 14:58:26,1787659106879,14:58:26,256,0,,0,,0
2026-08-25 14:59:26,1787659166518,14:59:26,256,0,,0,,0
2026-08-25 15:00:26,1787659226946,15:00:26,256,0,,0,,0
2026-08-25 15:01:28,1787659288724,15:01:28,256,0,,2,#481ONGUSDT(1.06);#530SQDUSDT(1.00),2
2026-08-25 15:02:29,1787659349178,15:02:29,256,0,,2,#481ONGUSDT(1.10);#530SQDUSDT(1.22),2
2026-08-25 15:03:29,1787659409987,15:03:29,256,0,,0,,0
2026-08-25 15:04:32,1787659472048,15:04:32,256,0,,0,,0
2026-08-25 15:05:27,1787659527536,15:05:27,256,0,,0,,0
2026-08-25 15:06:30,1787659590693,15:06:30,256,0,,0,,0
2026-08-25 15:07:44,1787659664279,15:07:44,256,0,,0,,0
2026-08-25 15:08:26,1787659706218,15:08:26,256,0,,0,,0
2026-08-25 15:13:54,1787660034514,15:13:54,256,0,,0,,0
2026-08-25 15:15:58,1787660158562,15:15:58,256,0,,0,,0
2026-08-25 15:16:43,1787660203926,15:16:43,256,0,,0,,0
2026-08-25 15:17:34,1787660254646,15:17:34,256,0,,0,,0
2026-08-25 15:18:28,1787660308199,15:18:28,256,0,,0,,0
2026-08-25 15:19:33,1787660373379,15:19:33,256,0,,0,,0
2026-08-25 15:20:36,1787660436334,15:20:36,256,0,,0,,0
2026-08-25 15:21:34,1787660494258,15:21:34,256,0,,0,,0
2026-08-25 15:22:33,1787660553931,15:22:33,256,0,,0,,0
2026-08-25 15:23:32,1787660612971,15:23:32,256,0,,0,,0
2026-08-25 15:24:33,1787660673751,15:24:33,256,0,,0,,0
2026-08-25 15:25:36,1787660736078,15:25:36,256,0,,0,,0
2026-08-25 15:26:33,1787660793000,15:26:33,256,0,,0,,0
2026-08-25 15:27:33,1787660853395,15:27:33,256,0,,0,,0
2026-08-25 15:28:33,1787660913009,15:28:33,256,0,,0,,0
2026-08-25 15:29:34,1787660974368,15:29:34,256,0,,1,#530SQDUSDT(1.47),1
2026-08-25 15:30:32,1787661032415,15:30:32,256,0,,2,#481ONGUSDT(0.95);#530SQDUSDT(1.49),2
2026-08-25 15:31:33,1787661093821,15:31:33,256,0,,1,#481ONGUSDT(1.10),1
2026-08-25 15:32:34,1787661154738,15:32:34,256,0,,0,,0
2026-08-25 15:33:34,1787661214914,15:33:34,256,0,,0,,0
2026-08-25 15:34:37,1787661277050,15:34:37,256,0,,0,,0
2026-08-25 15:35:36,1787661336490,15:35:36,256,0,,1,#160CASHCATUSDT(1.24),1
2026-08-25 15:36:36,1787661396221,15:36:36,256,0,,1,#353VELVETUSDT(1.04),1
2026-08-25 15:37:38,1787661458241,15:37:38,256,0,,0,,0
2026-08-25 15:38:34,1787661514958,15:38:34,256,0,,0,,0
2026-08-25 15:39:36,1787661576850,15:39:36,256,0,,0,,0
2026-08-25 15:40:43,1787661643739,15:40:43,256,0,,1,#481ONGUSDT(1.08),1
2026-08-25 15:41:32,1787661692988,15:41:32,256,0,,1,#530SQDUSDT(1.47),1
2026-08-25 15:42:37,1787661757029,15:42:37,256,0,,0,,0
2026-08-25 15:43:32,1787661812723,15:43:32,256,0,,0,,0
2026-08-25 15:44:35,1787661875622,15:44:35,256,0,,1,#530SQDUSDT(1.45),1
2026-08-25 15:45:30,1787661930359,15:45:30,256,0,,0,,0
2026-08-25 15:46:30,1787661990822,15:46:30,256,0,,0,,0
2026-08-25 15:47:31,1787662051391,15:47:31,256,0,,0,,0
2026-08-25 15:48:30,1787662110199,15:48:30,256,0,,0,,0
2026-08-25 15:49:30,1787662170880,15:49:30,256,0,,0,,0
2026-08-25 15:50:31,1787662231696,15:50:31,256,0,,1,#530SQDUSDT(1.41),1
2026-08-25 15:51:30,1787662290572,15:51:30,256,0,,0,,0
2026-08-25 15:52:30,1787662350757,15:52:30,256,0,,0,,0
2026-08-25 15:53:29,1787662409816,15:53:29,256,0,,1,#481ONGUSDT(1.01),1
2026-08-25 15:54:30,1787662470211,15:54:30,256,0,,0,,0
2026-08-25 15:55:31,1787662531675,15:55:31,256,0,,0,,0
2026-08-25 15:56:31,1787662591431,15:56:31,256,0,,0,,0
2026-08-25 15:57:30,1787662650760,15:57:30,256,0,,0,,0
2026-08-25 15:58:29,1787662709800,15:58:29,256,0,,0,,0
2026-08-25 15:59:31,1787662771823,15:59:31,256,0,,0,,0
2026-08-25 16:00:35,1787662835305,16:00:35,256,0,,0,,0
2026-08-25 16:01:30,1787662890985,16:01:30,256,0,,1,#481ONGUSDT(1.04),1
2026-08-25 16:02:33,1787662953749,16:02:33,256,0,,0,,0
2026-08-25 16:03:33,1787663013148,16:03:33,256,0,,1,#118ZROUSDT(1.04),1
2026-08-25 16:04:32,1787663072210,16:04:32,256,0,,1,#118ZROUSDT(1.24),1
2026-08-25 16:05:32,1787663132549,16:05:32,256,0,,1,#530SQDUSDT(1.52),1
2026-08-25 16:06:30,1787663190997,16:06:30,256,0,,0,,0
2026-08-25 16:07:30,1787663250621,16:07:30,256,0,,1,#118ZROUSDT(1.61),1
2026-08-25 16:08:33,1787663313885,16:08:33,256,0,,0,,0
2026-08-25 16:09:32,1787663372767,16:09:32,256,0,,0,,0
2026-08-25 16:10:37,1787663437233,16:10:37,256,0,,0,,0
2026-08-25 16:11:56,1787663516128,16:11:56,256,0,,0,,0
2026-08-25 16:12:33,1787663553701,16:12:33,256,0,,0,,0
2026-08-25 16:13:34,1787663614030,16:13:34,256,0,,0,,0
2026-08-25 16:14:33,1787663673681,16:14:33,256,0,,0,,0
2026-08-25 16:15:34,1787663734059,16:15:34,256,0,,0,,0
2026-08-25 16:16:33,1787663793519,16:16:33,256,0,,0,,0
2026-08-25 16:17:33,1787663853594,16:17:33,256,0,,1,#530SQDUSDT(1.53),1
2026-08-25 16:18:32,1787663912270,16:18:32,256,0,,1,#530SQDUSDT(1.80),1
2026-08-25 16:19:32,1787663972470,16:19:32,256,0,,1,#481ONGUSDT(1.00),1
2026-08-25 16:20:34,1787664034109,16:20:34,256,0,,0,,0
2026-08-25 16:21:32,1787664092496,16:21:32,256,0,,0,,0
2026-08-25 16:22:34,1787664154684,16:22:34,256,0,,1,#353VELVETUSDT(0.94),1
2026-08-25 16:23:34,1787664214210,16:23:34,256,0,,1,#353VELVETUSDT(0.99),1
2026-08-25 16:24:36,1787664276375,16:24:36,256,0,,1,#353VELVETUSDT(1.11),1
2026-08-25 16:25:34,1787664334630,16:25:34,256,0,,0,,0
2026-08-25 16:26:43,1787664403843,16:26:43,256,0,,1,#353VELVETUSDT(1.32),1
2026-08-25 16:27:45,1787664465864,16:27:45,256,0,,2,#160CASHCATUSDT(1.11);#353VELVETUSDT(1.82),2
2026-08-25 16:28:34,1787664514230,16:28:34,256,0,,2,#353VELVETUSDT(1.86);#481ONGUSDT(1.05),2
2026-08-25 16:29:35,1787664575530,16:29:35,256,0,,0,,0
2026-08-25 16:30:30,1787664630373,16:30:30,256,0,,0,,0
2026-08-25 16:31:30,1787664690667,16:31:30,256,0,,1,#160CASHCATUSDT(1.41),1
2026-08-25 16:32:34,1787664754807,16:32:34,256,0,,1,#160CASHCATUSDT(1.53),1
2026-08-25 16:33:32,1787664812004,16:33:32,256,0,,0,,0
2026-08-25 16:34:31,1787664871141,16:34:31,256,0,,1,#160CASHCATUSDT(1.71),1
2026-08-25 16:35:32,1787664932179,16:35:32,256,0,,0,,0
2026-08-25 16:36:36,1787664996358,16:36:36,256,0,,1,#530SQDUSDT(1.40),1
2026-08-25 16:37:35,1787665055339,16:37:35,256,0,,0,,0
2026-08-25 16:38:33,1787665113659,16:38:33,256,0,,1,#160CASHCATUSDT(1.77),1
2026-08-25 16:39:35,1787665175471,16:39:35,256,0,,0,,0
2026-08-25 16:40:34,1787665234649,16:40:34,256,0,,0,,0
2026-08-25 16:41:35,1787665295528,16:41:35,256,0,,0,,0
2026-08-25 16:42:36,1787665356304,16:42:36,256,0,,0,,0
2026-08-25 16:43:36,1787665416210,16:43:36,256,0,,1,#530SQDUSDT(1.07),1
2026-08-25 16:44:33,1787665473770,16:44:33,256,0,,0,,0
2026-08-25 16:45:35,1787665535413,16:45:35,256,0,,0,,0
2026-08-25 16:46:37,1787665597624,16:46:37,256,0,,0,,0
2026-08-25 16:47:35,1787665655274,16:47:35,256,0,,0,,0
2026-08-25 16:48:34,1787665714453,16:48:34,256,0,,0,,0
2026-08-25 16:49:45,1787665785309,16:49:45,256,0,,1,#481ONGUSDT(1.19),1
2026-08-25 16:50:37,1787665837080,16:50:37,256,0,,0,,0
2026-08-25 16:51:35,1787665895837,16:51:35,256,0,,1,#481ONGUSDT(1.18),1
2026-08-25 16:52:35,1787665955028,16:52:35,256,0,,2,#160CASHCATUSDT(1.76);#431HOLOUSDT(1.09),2
2026-08-25 16:53:35,1787666015029,16:53:35,256,0,,1,#431HOLOUSDT(1.26),1
2026-08-25 16:54:32,1787666072401,16:54:32,256,0,,1,#481ONGUSDT(1.37),1
2026-08-25 16:55:34,1787666134968,16:55:34,256,0,,1,#481ONGUSDT(1.45),1
2026-08-25 16:56:32,1787666192657,16:56:32,256,0,,0,,0
2026-08-25 16:57:32,1787666252691,16:57:32,256,0,,0,,0
2026-08-25 16:58:34,1787666314181,16:58:34,256,0,,0,,0
2026-08-25 16:59:32,1787666372017,16:59:32,256,0,,0,,0
2026-08-25 17:00:34,1787666434079,17:00:34,256,0,,0,,0
2026-08-25 17:01:35,1787666495050,17:01:35,256,0,,0,,0
2026-08-25 17:02:34,1787666554087,17:02:34,256,0,,0,,0
2026-08-25 17:03:36,1787666616753,17:03:36,256,0,,0,,0
2026-08-25 17:04:34,1787666674888,17:04:34,256,0,,1,#353VELVETUSDT(1.89),1
2026-08-25 17:05:35,1787666735561,17:05:35,256,0,,1,#353VELVETUSDT(1.87),1
2026-08-25 17:06:34,1787666794864,17:06:34,256,0,,0,,0
2026-08-25 17:07:33,1787666853200,17:07:33,256,0,,0,,0
2026-08-25 17:08:32,1787666912143,17:08:32,256,0,,0,,0
2026-08-25 17:09:33,1787666973787,17:09:33,256,0,,0,,0
2026-08-25 17:10:33,1787667033896,17:10:33,256,0,,0,,0
2026-08-25 17:11:34,1787667094559,17:11:34,256,0,,0,,0
2026-08-25 17:12:33,1787667153752,17:12:33,256,0,,1,#160CASHCATUSDT(1.38),1
2026-08-25 17:13:32,1787667212839,17:13:32,256,0,,1,#160CASHCATUSDT(1.49),1
2026-08-25 17:14:33,1787667273870,17:14:33,256,0,,1,#118ZROUSDT(1.62),1
2026-08-25 17:15:36,1787667336910,17:15:36,256,0,,0,,0
2026-08-25 17:16:34,1787667394669,17:16:34,256,0,,0,,0
2026-08-25 17:17:33,1787667453129,17:17:33,256,0,,1,#118ZROUSDT(1.88),1
2026-08-25 17:18:36,1787667516805,17:18:36,256,0,,0,,0
2026-08-25 17:20:45,1787667645675,17:20:45,256,0,,0,,0
2026-08-25 17:23:19,1787667799753,17:23:19,256,0,,0,,0
2026-08-25 17:25:26,1787667926850,17:25:26,256,0,,0,,0
2026-08-25 17:26:03,1787667963519,17:26:03,256,0,,0,,0
2026-08-25 17:27:06,1787668026226,17:27:06,256,0,,1,#336GPSUSDT(0.98),1
2026-08-25 17:28:03,1787668083373,17:28:03,256,0,,2,#160CASHCATUSDT(1.35);#336GPSUSDT(1.21),2
2026-08-25 17:29:07,1787668147275,17:29:07,256,0,,2,#160CASHCATUSDT(1.41);#336GPSUSDT(1.28),2
2026-08-25 17:30:05,1787668205505,17:30:05,256,0,,1,#336GPSUSDT(1.25),1
2026-08-25 17:31:07,1787668267244,17:31:07,256,0,,1,#336GPSUSDT(1.29),1
2026-08-25 17:32:09,1787668329608,17:32:09,256,0,,0,,0
2026-08-25 17:33:13,1787668393239,17:33:13,256,0,,0,,0
2026-08-25 17:34:02,1787668442621,17:34:02,256,0,,0,,0
2026-08-25 17:35:03,1787668503230,17:35:03,256,0,,0,,0
2026-08-25 17:36:02,1787668562460,17:36:02,256,0,,1,#280PURRUSDT(1.11),1
2026-08-25 17:37:00,1787668620896,17:37:00,256,0,,0,,0
2026-08-25 17:38:05,1787668685959,17:38:05,256,0,,0,,0
2026-08-25 17:39:02,1787668742225,17:39:02,256,0,,0,,0
2026-08-25 17:40:03,1787668803272,17:40:03,256,0,,0,,0
2026-08-25 17:41:01,1787668861737,17:41:01,256,0,,0,,0
2026-08-25 17:42:05,1787668925261,17:42:05,256,0,,1,#280PURRUSDT(1.06),1
2026-08-25 17:43:03,1787668983150,17:43:03,256,0,,0,,0
2026-08-25 17:44:09,1787669049619,17:44:09,256,0,,1,#280PURRUSDT(1.22),1
2026-08-25 17:45:10,1787669110044,17:45:10,256,0,,0,,0
2026-08-25 17:45:59,1787669159954,17:45:59,256,0,,0,,0
2026-08-25 17:47:06,1787669226238,17:47:06,256,0,,0,,0
2026-08-25 17:48:02,1787669282530,17:48:02,256,0,,0,,0
2026-08-25 17:49:02,1787669342134,17:49:02,256,0,,0,,0
2026-08-25 17:50:12,1787669412648,17:50:12,256,0,,0,,0
2026-08-25 17:51:05,1787669465729,17:51:05,256,0,,0,,0
2026-08-25 17:52:07,1787669527963,17:52:07,256,0,,1,#118ZROUSDT(1.22),1
2026-08-25 17:53:05,1787669585077,17:53:05,256,0,,1,#160CASHCATUSDT(1.46),1
2026-08-25 17:54:04,1787669644674,17:54:04,256,0,,0,,0
2026-08-25 17:55:03,1787669703167,17:55:03,256,0,,0,,0
2026-08-25 17:56:05,1787669765866,17:56:05,256,0,,0,,0
2026-08-25 17:57:02,1787669822031,17:57:02,256,0,,0,,0
2026-08-25 17:58:04,1787669884487,17:58:04,256,0,,0,,0
2026-08-25 17:59:02,1787669942453,17:59:02,256,0,,0,,0
2026-08-25 18:00:04,1787670004768,18:00:04,256,0,,0,,0
2026-08-25 18:01:05,1787670065152,18:01:05,256,0,,0,,0
2026-08-25 18:02:16,1787670136353,18:02:16,256,0,,1,#118ZROUSDT(1.10),1
2026-08-25 18:03:12,1787670192864,18:03:12,256,0,,1,#175AKEUSDT(0.93),1
2026-08-25 18:04:36,1787670276786,18:04:36,256,0,,1,#175AKEUSDT(1.25),1
2026-08-25 18:05:14,1787670314111,18:05:14,256,0,,1,#175AKEUSDT(1.36),1
2026-08-25 18:07:39,1787670459038,18:07:39,256,0,,1,#443PEAQUSDT(0.95),1
2026-08-25 18:08:35,1787670515637,18:08:35,256,0,,1,#443PEAQUSDT(1.03),1
2026-08-25 18:09:22,1787670562191,18:09:22,256,0,,0,,0
2026-08-25 18:10:19,1787670619578,18:10:19,256,0,,1,#443PEAQUSDT(1.20),1
2026-08-25 18:11:16,1787670676638,18:11:16,256,0,,1,#443PEAQUSDT(1.57),1
2026-08-25 18:12:29,1787670749006,18:12:29,256,0,,0,,0
2026-08-25 18:13:45,1787670825239,18:13:45,256,0,,0,,0
2026-08-25 18:14:33,1787670873742,18:14:33,256,0,,1,#443PEAQUSDT(2.14),1
2026-08-25 18:15:19,1787670919376,18:15:19,256,0,,0,,0
2026-08-25 18:16:08,1787670968725,18:16:08,256,0,,0,,0
2026-08-25 18:17:09,1787671029978,18:17:09,256,0,,0,,0
2026-08-25 18:18:09,1787671089217,18:18:09,256,0,,0,,0
2026-08-25 18:19:09,1787671149556,18:19:09,256,0,,0,,0
2026-08-25 18:20:08,1787671208864,18:20:08,256,0,,0,,0
2026-08-25 18:21:09,1787671269655,18:21:09,256,0,,0,,0
2026-08-25 18:22:12,1787671332547,18:22:12,256,0,,0,,0
2026-08-25 18:23:10,1787671390079,18:23:10,256,0,,0,,0
2026-08-25 18:24:14,1787671454454,18:24:14,256,0,,0,,0
2026-08-25 18:25:09,1787671509808,18:25:09,256,0,,0,,0
2026-08-25 18:26:10,1787671570036,18:26:10,256,0,,0,,0
2026-08-25 18:27:09,1787671629248,18:27:09,256,0,,0,,0
2026-08-25 18:28:08,1787671688767,18:28:08,256,0,,0,,0
2026-08-25 18:29:09,1787671749804,18:29:09,256,0,,0,,0
2026-08-25 18:30:10,1787671810347,18:30:10,256,0,,0,,0
2026-08-25 18:31:07,1787671867785,18:31:07,256,0,,0,,0
2026-08-25 18:32:05,1787671925878,18:32:05,256,0,,0,,0
2026-08-25 18:33:11,1787671991714,18:33:11,256,0,,0,,0
2026-08-25 18:34:08,1787672048465,18:34:08,256,0,,0,,0
2026-08-25 18:35:09,1787672109271,18:35:09,256,0,,0,,0
2026-08-25 18:36:08,1787672168859,18:36:08,256,0,,0,,0
2026-08-25 18:37:08,1787672228909,18:37:08,256,0,,1,#160CASHCATUSDT(0.97),1
2026-08-25 18:38:10,1787672290021,18:38:10,256,0,,1,#160CASHCATUSDT(1.09),1
2026-08-25 18:39:09,1787672349137,18:39:09,256,0,,0,,0
2026-08-25 18:40:09,1787672409814,18:40:09,256,0,,0,,0
2026-08-25 18:41:11,1787672471247,18:41:11,256,0,,0,,0
2026-08-25 18:42:09,1787672529432,18:42:09,256,0,,0,,0
2026-08-25 18:43:11,1787672591532,18:43:11,256,0,,0,,0
2026-08-25 18:44:11,1787672651151,18:44:11,256,0,,0,,0
2026-08-25 18:45:11,1787672711940,18:45:11,256,0,,0,,0
2026-08-25 18:46:08,1787672768261,18:46:08,256,0,,1,#443PEAQUSDT(0.98),1
2026-08-25 18:47:09,1787672829307,18:47:09,256,0,,0,,0
2026-08-25 18:48:09,1787672889253,18:48:09,256,0,,1,#118ZROUSDT(1.00),1
2026-08-25 18:49:08,1787672948790,18:49:08,256,0,,1,#118ZROUSDT(1.05),1
2026-08-25 18:50:08,1787673008987,18:50:08,256,0,,0,,0
2026-08-25 18:51:11,1787673071235,18:51:11,256,0,,1,#353VELVETUSDT(0.93),1
2026-08-25 18:52:11,1787673131022,18:52:11,256,0,,1,#353VELVETUSDT(1.03),1
2026-08-25 18:53:10,1787673190354,18:53:10,256,0,,1,#353VELVETUSDT(1.06),1
2026-08-25 18:54:10,1787673250078,18:54:10,256,0,,0,,0
2026-08-25 18:55:09,1787673309673,18:55:09,256,0,,0,,0
2026-08-25 18:56:08,1787673368563,18:56:08,256,0,,0,,0
2026-08-25 18:57:11,1787673431678,18:57:11,256,0,,1,#160CASHCATUSDT(1.01),1
2026-08-25 18:58:09,1787673489037,18:58:09,256,0,,1,#160CASHCATUSDT(1.14),1
2026-08-25 18:59:09,1787673549346,18:59:09,256,0,,1,#160CASHCATUSDT(1.16),1
2026-08-25 19:00:16,1787673616433,19:00:16,256,0,,0,,0
2026-08-25 19:01:07,1787673667594,19:01:07,256,0,,1,#160CASHCATUSDT(1.16),1
2026-08-25 19:02:09,1787673729802,19:02:09,256,0,,2,#160CASHCATUSDT(1.30);#481ONGUSDT(0.99),2
2026-08-25 19:03:09,1787673789270,19:03:09,256,0,,0,,0
2026-08-25 19:04:09,1787673849631,19:04:09,256,0,,0,,0
2026-08-25 19:05:09,1787673909805,19:05:09,256,0,,0,,0
2026-08-25 19:06:08,1787673968992,19:06:08,256,0,,1,#481ONGUSDT(1.15),1
2026-08-25 19:07:10,1787674030064,19:07:10,256,0,,0,,0
2026-08-25 19:08:09,1787674089159,19:08:09,256,0,,1,#118ZROUSDT(1.23),1
2026-08-25 19:09:10,1787674150352,19:09:10,256,0,,0,,0
2026-08-25 19:10:42,1787674242524,19:10:42,256,0,,0,,0
2026-08-25 19:11:10,1787674270813,19:11:10,256,0,,1,#481ONGUSDT(1.27),1
2026-08-25 19:12:08,1787674328819,19:12:08,256,0,,1,#118ZROUSDT(1.31),1
2026-08-25 19:13:07,1787674387551,19:13:07,256,0,,1,#256CYSUSDT(1.02),1
2026-08-25 19:14:08,1787674448951,19:14:08,256,0,,1,#160CASHCATUSDT(1.52),1
2026-08-25 19:15:09,1787674509802,19:15:09,256,0,,0,,0
2026-08-25 19:16:10,1787674570493,19:16:10,256,0,,0,,0
2026-08-25 19:17:09,1787674629597,19:17:09,256,0,,1,#481ONGUSDT(1.63),1
2026-08-25 19:18:13,1787674693239,19:18:13,256,0,,1,#353VELVETUSDT(0.95),1
2026-08-25 19:19:08,1787674748880,19:19:08,256,0,,0,,0
2026-08-25 19:20:13,1787674813201,19:20:13,256,0,,0,,0
2026-08-25 19:21:11,1787674871083,19:21:11,256,0,,0,,0
2026-08-25 19:22:13,1787674933616,19:22:13,256,0,,0,,0
2026-08-25 19:23:09,1787674989448,19:23:09,256,0,,0,,0
2026-08-25 19:24:09,1787675049561,19:24:09,256,0,,0,,0
2026-08-25 19:25:10,1787675110992,19:25:10,256,0,,1,#353VELVETUSDT(0.98),1
2026-08-25 19:26:09,1787675169098,19:26:09,256,0,,0,,0
2026-08-25 19:27:11,1787675231215,19:27:11,256,0,,0,,0
2026-08-25 19:28:09,1787675289703,19:28:09,256,0,,0,,0
2026-08-25 19:29:06,1787675346967,19:29:06,256,0,,0,,0
2026-08-25 19:30:17,1787675417904,19:30:17,256,0,,1,#160CASHCATUSDT(1.50),1
2026-08-25 19:31:06,1787675466275,19:31:06,256,0,,0,,0
2026-08-25 19:32:13,1787675533862,19:32:13,256,0,,1,#160CASHCATUSDT(1.77),1
2026-08-25 19:33:14,1787675594265,19:33:14,256,0,,1,#160CASHCATUSDT(1.87),1
2026-08-25 19:34:10,1787675650679,19:34:10,256,0,,0,,0
2026-08-25 19:35:13,1787675713791,19:35:13,256,0,,0,,0
2026-08-25 19:36:12,1787675772021,19:36:12,256,0,,0,,0
2026-08-25 19:37:13,1787675833838,19:37:13,256,0,,0,,0
2026-08-25 19:38:19,1787675899918,19:38:19,256,0,,0,,0
2026-08-25 19:39:11,1787675951584,19:39:11,256,0,,0,,0
2026-08-25 19:40:13,1787676013374,19:40:13,256,0,,0,,0
2026-08-25 19:41:12,1787676072811,19:41:12,256,0,,0,,0
2026-08-25 19:42:12,1787676132814,19:42:12,256,0,,0,,0
2026-08-25 19:43:13,1787676193587,19:43:13,256,0,,0,,0
2026-08-25 19:44:13,1787676253386,19:44:13,256,0,,0,,0
2026-08-25 19:58:37,1787677117291,19:58:37,254,0,,0,,0
2026-08-25 19:59:25,1787677165170,19:59:25,254,0,,0,,0
2026-08-25 20:00:28,1787677228195,20:00:28,254,0,,0,,0
2026-08-25 20:01:25,1787677285739,20:01:25,254,0,,0,,0
2026-08-25 20:02:32,1787677352553,20:02:32,254,0,,0,,0
2026-08-25 20:06:26,1787677586868,20:06:26,255,0,,0,,0
2026-08-25 20:07:26,1787677646203,20:07:26,255,0,,0,,0
2026-08-25 20:08:25,1787677705606,20:08:25,255,0,,0,,0
2026-08-25 20:09:27,1787677767253,20:09:27,255,0,,1,#67BTWUSDT(1.60),1
2026-08-25 20:10:24,1787677824444,20:10:24,255,0,,1,#67BTWUSDT(1.79),1
2026-08-25 20:11:25,1787677885594,20:11:25,255,0,,0,,0
2026-08-25 20:12:23,1787677943548,20:12:23,255,0,,0,,0
2026-08-25 20:13:23,1787678003296,20:13:23,255,0,,0,,0
2026-08-25 20:14:24,1787678064122,20:14:24,255,0,,0,,0
2026-08-25 20:15:22,1787678122588,20:15:22,255,0,,0,,0
2026-08-25 20:16:22,1787678182665,20:16:22,255,0,,2,#67BTWUSDT(2.52);#172CASHCATUSDT(1.28),2
2026-08-25 20:17:23,1787678243737,20:17:23,255,0,,1,#67BTWUSDT(2.61),1
2026-08-25 20:18:23,1787678303122,20:18:23,255,0,,1,#67BTWUSDT(2.69),1
2026-08-25 20:19:23,1787678363083,20:19:23,255,0,,0,,0
2026-08-25 20:20:23,1787678423517,20:20:23,255,0,,0,,0
2026-08-25 20:21:24,1787678484740,20:21:24,255,0,,0,,0
2026-08-25 20:22:24,1787678544273,20:22:24,255,0,,0,,0
2026-08-25 20:23:23,1787678603965,20:23:23,255,0,,1,#67BTWUSDT(3.27),1
2026-08-25 20:24:24,1787678664160,20:24:24,255,0,,1,#474ONGUSDT(0.93),1
2026-08-25 20:25:22,1787678722888,20:25:22,255,0,,1,#172CASHCATUSDT(1.03),1
2026-08-25 20:26:23,1787678783097,20:26:23,255,0,,1,#474ONGUSDT(1.11),1
2026-08-25 20:27:23,1787678843737,20:27:23,255,0,,1,#474ONGUSDT(1.15),1
2026-08-25 20:28:23,1787678903999,20:28:23,255,0,,1,#172CASHCATUSDT(1.10),1
2026-08-25 20:29:24,1787678964061,20:29:24,255,0,,0,,0
2026-08-25 20:30:24,1787679024945,20:30:24,255,0,,0,,0
2026-08-25 20:31:26,1787679086070,20:31:26,255,0,,1,#172CASHCATUSDT(1.18),1
2026-08-25 20:32:24,1787679144834,20:32:24,255,0,,0,,0
2026-08-25 20:33:24,1787679204549,20:33:24,255,0,,0,,0
2026-08-25 20:34:26,1787679266485,20:34:26,255,0,,1,#112ZROUSDT(0.90),1
2026-08-25 20:35:24,1787679324233,20:35:24,255,0,,1,#172CASHCATUSDT(1.20),1
2026-08-25 20:36:23,1787679383022,20:36:23,255,0,,0,,0
2026-08-25 20:37:24,1787679444815,20:37:24,255,0,,0,,0
2026-08-25 20:38:23,1787679503904,20:38:23,255,0,,1,#112ZROUSDT(1.15),1
2026-08-25 20:39:24,1787679564094,20:39:24,255,0,,0,,0
2026-08-25 20:40:24,1787679624126,20:40:24,255,0,,0,,0
2026-08-25 20:41:23,1787679683251,20:41:23,255,0,,0,,0
2026-08-25 20:42:23,1787679743277,20:42:23,255,0,,1,#112ZROUSDT(1.17),1
2026-08-25 20:43:25,1787679805217,20:43:25,255,0,,0,,0
2026-08-25 20:44:24,1787679864044,20:44:24,255,0,,0,,0
2026-08-25 20:45:24,1787679924833,20:45:24,255,0,,0,,0
2026-08-25 20:46:24,1787679984130,20:46:24,255,0,,0,,0
2026-08-25 20:47:31,1787680051171,20:47:31,255,0,,0,,0
2026-08-25 20:48:24,1787680104997,20:48:24,255,0,,0,,0
2026-08-25 20:49:22,1787680162775,20:49:22,255,0,,0,,0
2026-08-25 20:50:24,1787680224171,20:50:24,255,0,,0,,0
2026-08-25 20:51:25,1787680285100,20:51:25,255,0,,0,,0
2026-08-25 20:52:23,1787680343573,20:52:23,255,0,,0,,0
2026-08-25 20:53:24,1787680404551,20:53:24,255,0,,0,,0
2026-08-25 20:54:23,1787680463430,20:54:23,255,0,,0,,0
2026-08-25 20:55:23,1787680523869,20:55:23,255,0,,0,,0
2026-08-25 20:56:25,1787680585329,20:56:25,255,0,,1,#172CASHCATUSDT(1.04),1
2026-08-25 20:57:24,1787680644048,20:57:24,255,0,,0,,0
2026-08-25 20:58:23,1787680703451,20:58:23,255,0,,0,,0
2026-08-25 20:59:23,1787680763618,20:59:23,255,0,,0,,0
2026-08-25 21:00:28,1787680828306,21:00:28,255,0,,0,,0
2026-08-25 21:01:25,1787680885684,21:01:25,255,0,,0,,0
2026-08-25 21:02:26,1787680946334,21:02:26,255,0,,0,,0
2026-08-25 21:03:25,1787681005338,21:03:25,255,0,,0,,0
2026-08-25 21:04:26,1787681066730,21:04:26,255,0,,1,#172CASHCATUSDT(1.00),1
2026-08-25 21:05:29,1787681129142,21:05:29,255,0,,0,,0
2026-08-25 21:06:24,1787681184379,21:06:24,255,0,,0,,0
2026-08-25 21:07:25,1787681245488,21:07:25,255,0,,0,,0
2026-08-25 21:08:24,1787681304633,21:08:24,255,0,,0,,0
2026-08-25 21:09:23,1787681363988,21:09:23,255,0,,0,,0
2026-08-25 21:10:32,1787681432031,21:10:32,255,0,,0,,0
2026-08-25 21:11:24,1787681484630,21:11:24,255,0,,0,,0
2026-08-25 21:12:24,1787681544941,21:12:24,255,0,,0,,0
2026-08-25 21:13:25,1787681605668,21:13:25,255,0,,0,,0
2026-08-25 21:14:25,1787681665863,21:14:25,255,0,,0,,0
2026-08-25 21:15:25,1787681725823,21:15:25,255,0,,1,#172CASHCATUSDT(1.04),1
2026-08-25 21:16:28,1787681788354,21:16:28,255,0,,0,,0
2026-08-25 21:17:25,1787681845832,21:17:25,255,0,,0,,0
2026-08-25 21:18:26,1787681906102,21:18:26,255,0,,0,,0
2026-08-25 21:19:24,1787681964545,21:19:24,255,0,,0,,0
2026-08-25 21:20:25,1787682025052,21:20:25,255,0,,0,,0
2026-08-25 21:21:24,1787682084465,21:21:24,255,0,,0,,0
2026-08-25 21:22:25,1787682145339,21:22:25,255,0,,0,,0
2026-08-25 21:23:24,1787682204591,21:23:24,255,0,,0,,0
2026-08-25 21:24:32,1787682272137,21:24:32,255,0,,0,,0
2026-08-25 21:25:25,1787682325677,21:25:25,255,0,,0,,0
2026-08-25 21:26:25,1787682385302,21:26:25,255,0,,0,,0
2026-08-25 21:27:26,1787682446300,21:27:26,255,0,,0,,0
2026-08-25 21:28:25,1787682505624,21:28:25,255,0,,0,,0
2026-08-25 21:29:25,1787682565532,21:29:25,255,0,,0,,0
2026-08-25 21:30:25,1787682625682,21:30:25,255,0,,0,,0
2026-08-25 21:31:26,1787682686086,21:31:26,255,0,,0,,0
2026-08-25 21:32:25,1787682745398,21:32:25,255,0,,0,,0
2026-08-25 21:33:26,1787682806236,21:33:26,255,0,,0,,0
2026-08-25 21:34:25,1787682865225,21:34:25,255,0,,0,,0
2026-08-25 21:35:24,1787682924736,21:35:24,255,0,,0,,0
2026-08-25 21:36:24,1787682984957,21:36:24,255,0,,1,#172CASHCATUSDT(1.27),1
2026-08-25 21:37:25,1787683045001,21:37:25,255,0,,1,#172CASHCATUSDT(1.27),1
2026-08-25 21:38:26,1787683106820,21:38:26,255,0,,0,,0
2026-08-25 21:39:24,1787683164773,21:39:24,255,0,,0,,0
2026-08-25 21:40:24,1787683224633,21:40:24,255,0,,1,#67BTWUSDT(1.35),1
2026-08-25 21:41:24,1787683284977,21:41:24,255,0,,0,,0
2026-08-25 21:42:24,1787683344448,21:42:24,255,0,,0,,0
2026-08-25 21:43:24,1787683404627,21:43:24,255,0,,0,,0
2026-08-25 21:44:24,1787683464717,21:44:24,255,0,,0,,0
2026-08-25 21:45:25,1787683525373,21:45:25,255,0,,0,,0
2026-08-25 21:46:26,1787683586767,21:46:26,255,0,,0,,0
2026-08-25 21:47:26,1787683646977,21:47:26,255,0,,0,,0
2026-08-25 21:48:24,1787683704143,21:48:24,255,0,,0,,0
2026-08-25 21:49:27,1787683767332,21:49:27,255,0,,0,,0
2026-08-25 21:50:25,1787683825164,21:50:25,255,0,,0,,0
2026-08-25 21:51:25,1787683885294,21:51:25,255,0,,0,,0
2026-08-25 21:52:25,1787683945154,21:52:25,255,0,,0,,0
2026-08-25 21:53:25,1787684005999,21:53:25,255,0,,0,,0
2026-08-25 21:54:25,1787684065485,21:54:25,255,0,,0,,0
2026-08-25 21:55:25,1787684125357,21:55:25,255,0,,0,,0
2026-08-25 21:56:26,1787684186324,21:56:26,255,0,,0,,0
2026-08-25 21:57:27,1787684247368,21:57:27,255,0,,0,,0
2026-08-25 21:58:26,1787684306505,21:58:26,255,0,,0,,0
2026-08-25 21:59:25,1787684365067,21:59:25,255,0,,0,,0
2026-08-25 22:00:32,1787684432077,22:00:32,255,0,,0,,0
2026-08-25 22:01:25,1787684485668,22:01:25,255,0,,0,,0
2026-08-25 22:02:26,1787684546963,22:02:26,255,0,,1,#172CASHCATUSDT(1.11),1
2026-08-25 22:03:25,1787684605267,22:03:25,255,0,,0,,0
2026-08-25 22:04:28,1787684668038,22:04:28,255,0,,1,#67BTWUSDT(1.28),1
2026-08-25 22:05:26,1787684726831,22:05:26,255,0,,0,,0
2026-08-25 22:06:24,1787684784991,22:06:24,255,0,,0,,0
2026-08-25 22:07:24,1787684844547,22:07:24,255,0,,0,,0
2026-08-25 22:08:25,1787684905350,22:08:25,255,0,,0,,0
2026-08-25 22:09:27,1787684967627,22:09:27,255,0,,0,,0
2026-08-25 22:10:30,1787685030155,22:10:30,255,0,,0,,0
2026-08-25 22:11:25,1787685085228,22:11:25,255,0,,0,,0
2026-08-25 22:12:27,1787685147312,22:12:27,255,0,,0,,0
2026-08-25 22:13:25,1787685205729,22:13:25,255,0,,0,,0
2026-08-25 22:14:25,1787685265571,22:14:25,255,0,,0,,0
2026-08-25 22:15:26,1787685326449,22:15:26,255,0,,0,,0
2026-08-25 22:16:22,1787685382243,22:16:22,255,0,,0,,0
2026-08-25 22:17:22,1787685442874,22:17:22,255,0,,0,,0
2026-08-25 22:18:26,1787685506822,22:18:26,255,0,,0,,0
2026-08-25 22:19:26,1787685566535,22:19:26,255,0,,0,,0
2026-08-25 22:20:26,1787685626403,22:20:26,255,0,,0,,0
2026-08-25 22:21:26,1787685686561,22:21:26,255,0,,0,,0
2026-08-25 22:22:26,1787685746672,22:22:26,255,0,,0,,0
2026-08-25 22:23:25,1787685805638,22:23:25,255,0,,0,,0
2026-08-25 22:24:25,1787685865052,22:24:25,255,0,,0,,0
2026-08-25 22:25:26,1787685926102,22:25:26,255,0,,0,,0
2026-08-25 22:26:26,1787685986227,22:26:26,255,0,,0,,0
2026-08-25 22:27:26,1787686046212,22:27:26,255,0,,0,,0
2026-08-25 22:28:26,1787686106610,22:28:26,255,0,,0,,0
2026-08-25 22:29:25,1787686165254,22:29:25,255,0,,0,,0
2026-08-25 22:30:27,1787686227136,22:30:27,255,0,,0,,0
2026-08-25 22:31:24,1787686284526,22:31:24,255,0,,0,,0
2026-08-25 22:32:24,1787686344705,22:32:24,255,0,,0,,0
2026-08-25 22:33:24,1787686404663,22:33:24,255,0,,1,#172CASHCATUSDT(0.92),1
2026-08-25 22:34:25,1787686465279,22:34:25,255,0,,0,,0
2026-08-25 22:35:24,1787686524477,22:35:24,255,0,,0,,0
2026-08-25 22:36:24,1787686584859,22:36:24,255,0,,0,,0
2026-08-25 22:37:24,1787686644490,22:37:24,255,0,,0,,0
2026-08-25 22:38:24,1787686704214,22:38:24,255,0,,0,,0
2026-08-25 22:39:24,1787686764912,22:39:24,255,0,,2,#67BTWUSDT(1.16);#172CASHCATUSDT(1.00),2
2026-08-25 22:40:26,1787686826003,22:40:26,255,0,,0,,0
2026-08-25 22:41:24,1787686884102,22:41:24,255,0,,0,,0
2026-08-25 22:42:24,1787686944134,22:42:24,255,0,,1,#67BTWUSDT(1.30),1
2026-08-25 22:43:24,1787687004726,22:43:24,255,0,,0,,0
2026-08-25 22:44:24,1787687064862,22:44:24,255,0,,0,,0
2026-08-25 22:45:24,1787687124458,22:45:24,255,0,,0,,0
2026-08-25 22:46:25,1787687185195,22:46:25,255,0,,0,,0
2026-08-25 22:47:24,1787687244965,22:47:24,255,0,,0,,0
2026-08-25 22:48:27,1787687307116,22:48:27,255,0,,0,,0
2026-08-25 22:49:24,1787687364464,22:49:24,255,0,,0,,0
2026-08-25 22:50:25,1787687425034,22:50:25,255,0,,0,,0
2026-08-25 22:51:24,1787687484664,22:51:24,255,0,,0,,0
2026-08-25 22:52:28,1787687548400,22:52:28,255,0,,0,,0
2026-08-25 22:53:26,1787687606040,22:53:26,255,0,,0,,0
2026-08-25 22:54:25,1787687665420,22:54:25,255,0,,0,,0
2026-08-25 22:55:25,1787687725702,22:55:25,255,0,,0,,0
2026-08-25 22:56:26,1787687786075,22:56:26,255,0,,0,,0
2026-08-25 22:57:25,1787687845827,22:57:25,255,0,,0,,0
2026-08-25 22:58:26,1787687906196,22:58:26,255,0,,0,,0
2026-08-25 22:59:24,1787687964742,22:59:24,255,0,,0,,0
2026-08-25 23:00:29,1787688029318,23:00:29,255,0,,0,,0
2026-08-25 23:01:24,1787688084402,23:01:24,255,0,,0,,0
2026-08-25 23:02:25,1787688145137,23:02:25,255,0,,1,#67BTWUSDT(1.91),1
2026-08-25 23:03:25,1787688205026,23:03:25,255,0,,1,#172CASHCATUSDT(0.99),1
2026-08-25 23:04:24,1787688264634,23:04:24,255,0,,0,,0
2026-08-25 23:05:26,1787688326586,23:05:26,255,0,,0,,0
2026-08-25 23:06:24,1787688384557,23:06:24,255,0,,0,,0
2026-08-25 23:07:24,1787688444977,23:07:24,255,0,,0,,0
2026-08-25 23:08:26,1787688506047,23:08:26,255,0,,0,,0
2026-08-25 23:09:24,1787688564321,23:09:24,255,0,,0,,0
2026-08-25 23:10:26,1787688626395,23:10:26,255,0,,0,,0
2026-08-25 23:11:24,1787688684959,23:11:24,255,0,,0,,0
2026-08-25 23:12:25,1787688745433,23:12:25,255,0,,0,,0
2026-08-25 23:13:25,1787688805861,23:13:25,255,0,,0,,0
2026-08-25 23:14:25,1787688865228,23:14:25,255,0,,0,,0
2026-08-25 23:15:24,1787688924752,23:15:24,255,0,,0,,0
2026-08-25 23:16:25,1787688985098,23:16:25,255,0,,0,,0
2026-08-25 23:17:25,1787689045204,23:17:25,255,0,,0,,0
2026-08-25 23:18:23,1787689103802,23:18:23,255,0,,0,,0
2026-08-25 23:19:24,1787689164581,23:19:24,255,0,,0,,0
2026-08-25 23:20:24,1787689224603,23:20:24,255,0,,0,,0
2026-08-25 23:21:24,1787689284112,23:21:24,255,0,,0,,0
2026-08-25 23:22:25,1787689345136,23:22:25,255,0,,0,,0
2026-08-25 23:23:26,1787689406805,23:23:26,255,0,,0,,0
2026-08-25 23:24:27,1787689467411,23:24:27,255,0,,1,#67BTWUSDT(2.10),1
2026-08-25 23:25:25,1787689525026,23:25:25,255,0,,1,#67BTWUSDT(2.39),1
2026-08-25 23:26:24,1787689584913,23:26:24,255,0,,1,#172CASHCATUSDT(0.95),1
2026-08-25 23:27:24,1787689644105,23:27:24,255,0,,0,,0
2026-08-25 23:28:24,1787689704875,23:28:24,255,0,,0,,0
2026-08-25 23:29:25,1787689765355,23:29:25,255,0,,0,,0
2026-08-25 23:30:25,1787689825041,23:30:25,255,0,,0,,0
2026-08-25 23:31:25,1787689885128,23:31:25,255,0,,0,,0
2026-08-25 23:32:25,1787689945707,23:32:25,255,0,,0,,0
2026-08-25 23:33:25,1787690005494,23:33:25,255,0,,0,,0
2026-08-25 23:34:24,1787690064660,23:34:24,255,0,,0,,0
2026-08-25 23:35:24,1787690124827,23:35:24,255,0,,0,,0
2026-08-25 23:36:24,1787690184237,23:36:24,255,0,,0,,0
2026-08-25 23:37:24,1787690244701,23:37:24,255,0,,0,,0
2026-08-25 23:38:24,1787690304753,23:38:24,255,0,,0,,0
2026-08-25 23:39:22,1787690362306,23:39:22,255,0,,0,,0
2026-08-25 23:40:24,1787690424874,23:40:24,255,0,,0,,0
2026-08-25 23:41:24,1787690484816,23:41:24,255,0,,1,#172CASHCATUSDT(0.90),1
2026-08-25 23:42:27,1787690547425,23:42:27,255,0,,0,,0
2026-08-25 23:43:24,1787690604188,23:43:24,255,0,,0,,0
2026-08-25 23:44:24,1787690664711,23:44:24,255,0,,0,,0
2026-08-25 23:45:24,1787690724584,23:45:24,255,0,,0,,0
2026-08-25 23:46:27,1787690787830,23:46:27,255,0,,0,,0
2026-08-25 23:47:24,1787690844877,23:47:24,255,0,,0,,0
2026-08-25 23:48:24,1787690904540,23:48:24,255,0,,1,#172CASHCATUSDT(1.12),1
2026-08-25 23:49:24,1787690964712,23:49:24,255,0,,0,,0
2026-08-25 23:50:25,1787691025047,23:50:25,255,0,,0,,0
2026-08-25 23:51:24,1787691084738,23:51:24,255,0,,0,,0
2026-08-25 23:52:24,1787691144878,23:52:24,255,0,,0,,0
2026-08-25 23:53:24,1787691204498,23:53:24,255,0,,1,#172CASHCATUSDT(1.28),1
2026-08-25 23:54:24,1787691264585,23:54:24,255,0,,1,#172CASHCATUSDT(1.46),1
2026-08-25 23:55:23,1787691323884,23:55:23,255,0,,0,,0
2026-08-25 23:56:29,1787691389805,23:56:29,255,0,,2,#172CASHCATUSDT(1.71);#415PEAQUSDT(0.99),2
2026-08-25 23:57:24,1787691444941,23:57:24,255,0,,1,#415PEAQUSDT(1.13),1
2026-08-25 23:58:25,1787691505056,23:58:25,255,0,,0,,0
2026-08-25 23:59:24,1787691564689,23:59:24,255,0,,0,,0
2026-08-26 00:00:26,1787691626873,00:00:26,255,0,,0,,0
2026-08-26 00:01:25,1787691685076,00:01:25,255,0,,0,,0
2026-08-26 00:02:25,1787691745669,00:02:25,255,0,,0,,0
2026-08-26 00:03:24,1787691804299,00:03:24,255,0,,0,,0
2026-08-26 00:04:24,1787691864142,00:04:24,255,0,,0,,0
2026-08-26 00:05:24,1787691924491,00:05:24,255,0,,0,,0
2026-08-26 00:06:24,1787691984894,00:06:24,255,0,,0,,0
2026-08-26 00:07:24,1787692044768,00:07:24,255,0,,0,,0
2026-08-26 00:08:23,1787692103663,00:08:23,255,0,,0,,0
2026-08-26 00:09:24,1787692164228,00:09:24,255,1,#474ONGUSDT,0,,1
2026-08-26 00:10:25,1787692225056,00:10:25,255,0,,0,,0
2026-08-26 00:11:25,1787692285186,00:11:25,255,0,,0,,0
2026-08-26 00:12:24,1787692344830,00:12:24,255,0,,0,,0
2026-08-26 00:13:25,1787692405550,00:13:25,255,0,,0,,0
2026-08-26 00:14:28,1787692468523,00:14:28,255,0,,0,,0
2026-08-26 00:15:29,1787692529391,00:15:29,255,0,,0,,0
2026-08-26 00:16:25,1787692585169,00:16:25,255,0,,0,,0
2026-08-26 00:17:25,1787692645401,00:17:25,255,0,,0,,0
2026-08-26 00:18:25,1787692705079,00:18:25,255,0,,0,,0
2026-08-26 00:19:24,1787692764430,00:19:24,255,0,,0,,0
2026-08-26 00:20:24,1787692824675,00:20:24,255,0,,0,,0
2026-08-26 00:21:24,1787692884573,00:21:24,255,0,,0,,0
2026-08-26 00:22:24,1787692944567,00:22:24,255,0,,0,,0
2026-08-26 00:23:24,1787693004856,00:23:24,255,0,,0,,0
2026-08-26 00:24:24,1787693064621,00:24:24,255,0,,0,,0
2026-08-26 00:25:25,1787693125397,00:25:25,255,0,,0,,0
2026-08-26 00:26:24,1787693184869,00:26:24,255,0,,0,,0
2026-08-26 00:27:24,1787693244734,00:27:24,255,0,,0,,0
2026-08-26 00:28:25,1787693305210,00:28:25,255,0,,0,,0
2026-08-26 00:29:25,1787693365178,00:29:25,255,0,,0,,0
2026-08-26 00:30:24,1787693424570,00:30:24,255,0,,0,,0
2026-08-26 00:31:24,1787693484461,00:31:24,255,0,,0,,0
2026-08-26 00:32:25,1787693545125,00:32:25,255,0,,0,,0
2026-08-26 00:33:43,1787693623105,00:33:43,255,0,,0,,0
2026-08-26 00:34:35,1787693675280,00:34:35,255,0,,0,,0
2026-08-26 00:35:25,1787693725594,00:35:25,255,0,,0,,0
2026-08-26 00:36:25,1787693785210,00:36:25,255,0,,0,,0
2026-08-26 00:37:24,1787693844533,00:37:24,255,0,,0,,0
2026-08-26 00:38:29,1787693909122,00:38:29,255,0,,0,,0
2026-08-26 00:39:24,1787693964760,00:39:24,255,0,,0,,0
2026-08-26 00:40:25,1787694025079,00:40:25,255,0,,0,,0
2026-08-26 00:41:24,1787694084984,00:41:24,255,0,,0,,0
2026-08-26 00:42:24,1787694144302,00:42:24,255,0,,0,,0
2026-08-26 00:43:25,1787694205351,00:43:25,255,0,,1,#474ONGUSDT(0.93),1
2026-08-26 00:44:24,1787694264717,00:44:24,255,0,,0,,0
2026-08-26 00:45:24,1787694324775,00:45:24,255,0,,0,,0
2026-08-26 00:46:24,1787694384945,00:46:24,255,0,,0,,0
2026-08-26 00:47:24,1787694444402,00:47:24,255,0,,0,,0
2026-08-26 00:48:25,1787694505087,00:48:25,255,0,,0,,0
2026-08-26 00:49:24,1787694564341,00:49:24,255,0,,0,,0
2026-08-26 00:50:25,1787694625657,00:50:25,255,0,,0,,0
2026-08-26 00:51:24,1787694684535,00:51:24,255,0,,0,,0
2026-08-26 00:52:24,1787694744444,00:52:24,255,0,,0,,0
2026-08-26 00:53:25,1787694805179,00:53:25,255,0,,0,,0
2026-08-26 00:54:24,1787694864646,00:54:24,255,0,,0,,0
2026-08-26 00:55:23,1787694923935,00:55:23,255,0,,0,,0
2026-08-26 00:56:24,1787694984996,00:56:24,255,0,,0,,0
2026-08-26 00:57:24,1787695044989,00:57:24,255,0,,0,,0
2026-08-26 00:58:24,1787695104710,00:58:24,255,0,,0,,0
2026-08-26 00:59:24,1787695164439,00:59:24,255,0,,0,,0
2026-08-26 01:00:26,1787695226610,01:00:26,255,0,,0,,0
2026-08-26 01:01:25,1787695285441,01:01:25,255,0,,0,,0
2026-08-26 01:02:26,1787695346204,01:02:26,255,0,,0,,0
2026-08-26 01:03:25,1787695405566,01:03:25,255,0,,0,,0
2026-08-26 01:04:25,1787695465334,01:04:25,255,0,,0,,0
2026-08-26 01:05:24,1787695524478,01:05:24,255,0,,0,,0
2026-08-26 01:06:24,1787695584277,01:06:24,255,0,,0,,0
2026-08-26 01:07:25,1787695645142,01:07:25,255,0,,0,,0
2026-08-26 01:08:24,1787695704918,01:08:24,255,0,,0,,0
2026-08-26 01:09:25,1787695765201,01:09:25,255,0,,0,,0
2026-08-26 01:10:24,1787695824828,01:10:24,255,0,,0,,0
2026-08-26 01:11:24,1787695884682,01:11:24,255,0,,0,,0
2026-08-26 01:12:24,1787695944950,01:12:24,255,0,,0,,0
2026-08-26 01:13:24,1787696004859,01:13:24,255,0,,0,,0
2026-08-26 01:14:25,1787696065830,01:14:25,255,0,,0,,0
2026-08-26 01:15:24,1787696124790,01:15:24,255,0,,0,,0
2026-08-26 01:16:24,1787696184470,01:16:24,255,0,,0,,0
2026-08-26 01:17:24,1787696244509,01:17:24,255,0,,0,,0
2026-08-26 01:18:25,1787696305130,01:18:25,255,0,,0,,0
2026-08-26 01:19:24,1787696364684,01:19:24,255,0,,0,,0
2026-08-26 01:20:24,1787696424993,01:20:24,255,0,,0,,0
2026-08-26 01:21:24,1787696484614,01:21:24,255,0,,0,,0
2026-08-26 01:22:24,1787696544921,01:22:24,255,0,,0,,0
2026-08-26 01:23:25,1787696605129,01:23:25,255,0,,0,,0
2026-08-26 01:24:25,1787696665012,01:24:25,255,0,,0,,0
2026-08-26 01:25:25,1787696725192,01:25:25,255,0,,0,,0
2026-08-26 01:26:25,1787696785039,01:26:25,255,0,,0,,0
2026-08-26 01:27:24,1787696844712,01:27:24,255,0,,0,,0
2026-08-26 01:28:23,1787696903984,01:28:23,255,0,,0,,0
2026-08-26 01:29:25,1787696965350,01:29:25,255,0,,0,,0
2026-08-26 01:30:24,1787697024481,01:30:24,255,0,,0,,0
2026-08-26 01:31:25,1787697085471,01:31:25,255,0,,0,,0
2026-08-26 01:32:25,1787697145753,01:32:25,255,0,,0,,0
2026-08-26 01:33:25,1787697205245,01:33:25,255,0,,0,,0
2026-08-26 01:34:25,1787697265642,01:34:25,255,0,,0,,0
2026-08-26 01:35:25,1787697325089,01:35:25,255,0,,0,,0
2026-08-26 01:36:24,1787697384515,01:36:24,255,0,,0,,0
2026-08-26 01:37:25,1787697445770,01:37:25,255,0,,0,,0
2026-08-26 01:38:25,1787697505580,01:38:25,255,0,,0,,0
2026-08-26 01:39:24,1787697564898,01:39:24,255,0,,0,,0
2026-08-26 01:40:25,1787697625271,01:40:25,255,0,,0,,0
2026-08-26 01:41:24,1787697684988,01:41:24,255,0,,0,,0
2026-08-26 01:42:25,1787697745156,01:42:25,255,0,,0,,0
2026-08-26 01:43:25,1787697805034,01:43:25,255,0,,0,,0
2026-08-26 01:44:24,1787697864794,01:44:24,255,0,,0,,0
2026-08-26 01:45:25,1787697925487,01:45:25,255,0,,0,,0
2026-08-26 01:46:24,1787697984345,01:46:24,255,0,,0,,0
2026-08-26 01:47:24,1787698044393,01:47:24,255,0,,0,,0
2026-08-26 01:48:24,1787698104715,01:48:24,255,0,,0,,0
2026-08-26 01:49:24,1787698164723,01:49:24,255,0,,0,,0
2026-08-26 01:50:24,1787698224735,01:50:24,255,0,,0,,0
2026-08-26 01:51:25,1787698285273,01:51:25,255,0,,0,,0
2026-08-26 01:52:25,1787698345201,01:52:25,255,0,,0,,0
2026-08-26 01:53:24,1787698404862,01:53:24,255,0,,0,,0
2026-08-26 01:54:24,1787698464820,01:54:24,255,0,,0,,0
2026-08-26 01:55:24,1787698524593,01:55:24,255,0,,0,,0
2026-08-26 01:56:24,1787698584720,01:56:24,255,0,,0,,0
2026-08-26 01:57:24,1787698644161,01:57:24,255,0,,0,,0
2026-08-26 01:58:24,1787698704613,01:58:24,255,0,,0,,0
2026-08-26 01:59:24,1787698764221,01:59:24,255,0,,0,,0
2026-08-26 02:00:26,1787698826418,02:00:26,255,0,,0,,0
2026-08-26 02:01:23,1787698883888,02:01:23,255,0,,0,,0
2026-08-26 02:02:26,1787698946517,02:02:26,255,0,,0,,0
2026-08-26 02:03:25,1787699005845,02:03:25,255,0,,1,#552HNTUSDT(1.04),1
2026-08-26 02:04:24,1787699064734,02:04:24,255,0,,0,,0
2026-08-26 02:05:25,1787699125270,02:05:25,255,0,,0,,0
2026-08-26 02:06:24,1787699184857,02:06:24,255,0,,0,,0
2026-08-26 02:07:24,1787699244799,02:07:24,255,0,,0,,0
2026-08-26 02:08:25,1787699305214,02:08:25,255,0,,0,,0
2026-08-26 02:09:23,1787699363984,02:09:23,255,0,,0,,0
2026-08-26 02:10:25,1787699425639,02:10:25,255,0,,0,,0
2026-08-26 02:11:24,1787699484408,02:11:24,255,0,,0,,0
2026-08-26 02:12:25,1787699545237,02:12:25,255,0,,0,,0
2026-08-26 02:13:25,1787699605446,02:13:25,255,0,,0,,0
2026-08-26 02:14:24,1787699664656,02:14:24,255,0,,0,,0
2026-08-26 02:15:24,1787699724837,02:15:24,255,0,,0,,0
2026-08-26 02:16:24,1787699784906,02:16:24,255,0,,0,,0
2026-08-26 02:17:29,1787699849827,02:17:29,255,0,,0,,0
2026-08-26 02:18:25,1787699905295,02:18:25,255,0,,0,,0
2026-08-26 02:19:24,1787699964724,02:19:24,255,0,,0,,0
2026-08-26 02:20:25,1787700025095,02:20:25,255,0,,0,,0
2026-08-26 02:21:25,1787700085380,02:21:25,255,0,,0,,0
2026-08-26 02:22:25,1787700145387,02:22:25,255,0,,0,,0
2026-08-26 02:23:25,1787700205001,02:23:25,255,0,,0,,0
2026-08-26 02:24:25,1787700265832,02:24:25,255,0,,0,,0
2026-08-26 02:25:25,1787700325336,02:25:25,255,0,,0,,0
2026-08-26 02:26:24,1787700384848,02:26:24,255,0,,0,,0
2026-08-26 02:27:24,1787700444735,02:27:24,255,0,,0,,0
2026-08-26 02:28:25,1787700505022,02:28:25,255,0,,0,,0
2026-08-26 02:29:24,1787700564647,02:29:24,255,0,,0,,0
2026-08-26 02:30:24,1787700624702,02:30:24,255,0,,0,,0
2026-08-26 02:31:25,1787700685248,02:31:25,255,0,,0,,0
2026-08-26 02:32:24,1787700744786,02:32:24,255,0,,0,,0
2026-08-26 02:33:25,1787700805217,02:33:25,255,0,,0,,0
2026-08-26 02:34:24,1787700864978,02:34:24,255,0,,0,,0
2026-08-26 02:35:25,1787700925399,02:35:25,255,0,,0,,0
2026-08-26 02:36:25,1787700985576,02:36:25,255,0,,0,,0
2026-08-26 02:37:25,1787701045630,02:37:25,255,0,,0,,0
2026-08-26 02:38:29,1787701109414,02:38:29,255,0,,0,,0
2026-08-26 02:39:25,1787701165239,02:39:25,255,0,,0,,0
2026-08-26 02:40:25,1787701225370,02:40:25,255,0,,0,,0
2026-08-26 02:41:25,1787701285750,02:41:25,255,0,,0,,0
2026-08-26 02:42:24,1787701344955,02:42:24,255,0,,0,,0
2026-08-26 02:43:25,1787701405200,02:43:25,255,0,,0,,0
2026-08-26 02:44:25,1787701465026,02:44:25,255,0,,0,,0
2026-08-26 02:45:24,1787701524878,02:45:24,255,0,,0,,0
2026-08-26 02:46:24,1787701584389,02:46:24,255,0,,0,,0
2026-08-26 02:47:24,1787701644769,02:47:24,255,0,,0,,0
2026-08-26 02:48:25,1787701705579,02:48:25,255,0,,0,,0
2026-08-26 02:49:24,1787701764866,02:49:24,255,0,,0,,0
2026-08-26 02:50:25,1787701825193,02:50:25,255,0,,0,,0
2026-08-26 02:51:24,1787701884969,02:51:24,255,0,,0,,0
2026-08-26 02:52:27,1787701947993,02:52:27,255,0,,0,,0
2026-08-26 02:53:25,1787702005601,02:53:25,255,0,,0,,0
2026-08-26 02:54:25,1787702065054,02:54:25,255,0,,0,,0
2026-08-26 02:55:25,1787702125088,02:55:25,255,0,,0,,0
2026-08-26 02:56:25,1787702185405,02:56:25,255,0,,0,,0
2026-08-26 02:57:24,1787702244986,02:57:24,255,0,,0,,0
2026-08-26 02:58:25,1787702305197,02:58:25,255,0,,0,,0
2026-08-26 02:59:23,1787702363711,02:59:23,255,0,,0,,0
2026-08-26 03:00:27,1787702427180,03:00:27,255,0,,0,,0
2026-08-26 03:01:30,1787702490288,03:01:30,255,0,,0,,0
2026-08-26 03:02:25,1787702545815,03:02:25,255,0,,0,,0
2026-08-26 03:03:24,1787702604639,03:03:24,255,0,,0,,0
2026-08-26 03:04:24,1787702664681,03:04:24,255,0,,0,,0
2026-08-26 03:05:25,1787702725124,03:05:25,255,0,,0,,0
2026-08-26 03:06:24,1787702784453,03:06:24,255,0,,0,,0
2026-08-26 03:07:24,1787702844604,03:07:24,255,0,,0,,0
2026-08-26 03:08:24,1787702904511,03:08:24,255,0,,0,,0
2026-08-26 03:09:24,1787702964833,03:09:24,255,0,,0,,0
2026-08-26 03:10:24,1787703024083,03:10:24,255,0,,0,,0
2026-08-26 03:11:25,1787703085887,03:11:25,255,0,,0,,0
2026-08-26 03:12:24,1787703144627,03:12:24,255,0,,0,,0
2026-08-26 03:13:25,1787703205344,03:13:25,255,0,,0,,0
2026-08-26 03:14:24,1787703264777,03:14:24,255,0,,0,,0
2026-08-26 03:15:24,1787703324138,03:15:24,255,0,,0,,0
2026-08-26 03:16:24,1787703384841,03:16:24,255,0,,0,,0
2026-08-26 03:17:24,1787703444766,03:17:24,255,0,,0,,0
2026-08-26 03:18:25,1787703505283,03:18:25,255,0,,1,#172CASHCATUSDT(1.01),1
2026-08-26 03:19:24,1787703564682,03:19:24,255,0,,0,,0
2026-08-26 03:20:24,1787703624096,03:20:24,255,0,,0,,0
2026-08-26 03:21:24,1787703684428,03:21:24,255,0,,0,,0
2026-08-26 03:22:24,1787703744230,03:22:24,255,0,,0,,0
2026-08-26 03:23:24,1787703804901,03:23:24,255,0,,0,,0
2026-08-26 03:24:25,1787703865168,03:24:25,255,0,,0,,0
2026-08-26 03:25:25,1787703925174,03:25:25,255,0,,0,,0
2026-08-26 03:26:24,1787703984962,03:26:24,255,0,,0,,0
2026-08-26 03:27:25,1787704045411,03:27:25,255,0,,0,,0
2026-08-26 03:28:25,1787704105805,03:28:25,255,0,,0,,0
2026-08-26 03:29:24,1787704164990,03:29:24,255,0,,0,,0
2026-08-26 03:30:23,1787704223774,03:30:23,255,0,,0,,0
2026-08-26 03:31:24,1787704284803,03:31:24,255,0,,0,,0
2026-08-26 03:32:24,1787704344765,03:32:24,255,0,,0,,0
2026-08-26 03:33:25,1787704405194,03:33:25,255,0,,0,,0
2026-08-26 03:34:25,1787704465901,03:34:25,255,0,,0,,0
2026-08-26 03:35:24,1787704524880,03:35:24,255,0,,0,,0
2026-08-26 03:36:24,1787704584695,03:36:24,255,0,,0,,0
2026-08-26 03:37:25,1787704645128,03:37:25,255,0,,0,,0
2026-08-26 03:38:26,1787704706312,03:38:26,255,0,,0,,0
2026-08-26 03:39:25,1787704765385,03:39:25,255,0,,0,,0
2026-08-26 03:40:25,1787704825234,03:40:25,255,0,,0,,0
2026-08-26 03:41:25,1787704885685,03:41:25,255,0,,0,,0
2026-08-26 03:42:25,1787704945735,03:42:25,255,0,,0,,0
2026-08-26 03:43:24,1787705004629,03:43:24,255,0,,0,,0
2026-08-26 03:44:25,1787705065194,03:44:25,255,0,,0,,0
2026-08-26 03:45:24,1787705124662,03:45:24,255,0,,0,,0
2026-08-26 03:46:24,1787705184888,03:46:24,255,0,,0,,0
2026-08-26 03:47:25,1787705245150,03:47:25,255,0,,0,,0
2026-08-26 03:48:28,1787705308893,03:48:28,255,0,,0,,0
2026-08-26 03:49:24,1787705364789,03:49:24,255,0,,0,,0
2026-08-26 03:50:24,1787705424685,03:50:24,255,0,,0,,0
2026-08-26 03:51:25,1787705485135,03:51:25,255,0,,0,,0
2026-08-26 03:52:25,1787705545597,03:52:25,255,0,,0,,0
2026-08-26 03:53:25,1787705605171,03:53:25,255,0,,1,#474ONGUSDT(0.92),1
2026-08-26 03:54:25,1787705665352,03:54:25,255,0,,0,,0
2026-08-26 03:55:25,1787705725486,03:55:25,255,0,,0,,0
2026-08-26 03:56:25,1787705785371,03:56:25,255,0,,0,,0
2026-08-26 03:57:25,1787705845158,03:57:25,255,0,,0,,0
2026-08-26 03:58:25,1787705905627,03:58:25,255,0,,0,,0
2026-08-26 03:59:24,1787705964094,03:59:24,255,0,,0,,0
2026-08-26 04:00:27,1787706027957,04:00:27,255,0,,0,,0
2026-08-26 04:01:25,1787706085841,04:01:25,255,0,,0,,0
2026-08-26 04:02:25,1787706145443,04:02:25,255,0,,0,,0
2026-08-26 04:03:25,1787706205313,04:03:25,255,0,,0,,0
2026-08-26 04:04:25,1787706265442,04:04:25,255,0,,0,,0
2026-08-26 04:05:25,1787706325511,04:05:25,255,0,,0,,0
2026-08-26 04:06:24,1787706384680,04:06:24,255,0,,0,,0
2026-08-26 04:07:24,1787706444769,04:07:24,255,0,,0,,0
2026-08-26 04:08:24,1787706504996,04:08:24,255,0,,0,,0
2026-08-26 04:09:25,1787706565221,04:09:25,255,0,,0,,0
2026-08-26 04:10:24,1787706624545,04:10:24,255,0,,0,,0
2026-08-26 04:11:24,1787706684911,04:11:24,255,0,,0,,0
2026-08-26 04:12:25,1787706745384,04:12:25,255,0,,0,,0
2026-08-26 04:13:24,1787706804890,04:13:24,255,0,,0,,0
2026-08-26 04:14:25,1787706865363,04:14:25,255,0,,0,,0
2026-08-26 04:15:24,1787706924940,04:15:24,255,0,,0,,0
2026-08-26 04:16:27,1787706987278,04:16:27,255,0,,0,,0
2026-08-26 04:17:24,1787707044619,04:17:24,255,0,,0,,0
2026-08-26 04:18:25,1787707105189,04:18:25,255,0,,0,,0
2026-08-26 04:19:24,1787707164675,04:19:24,255,0,,0,,0
2026-08-26 04:20:24,1787707224634,04:20:24,255,0,,0,,0
2026-08-26 04:21:25,1787707285351,04:21:25,255,0,,0,,0
2026-08-26 04:22:24,1787707344640,04:22:24,255,0,,0,,0
2026-08-26 04:23:25,1787707405769,04:23:25,255,0,,0,,0
2026-08-26 04:24:25,1787707465323,04:24:25,255,0,,0,,0
2026-08-26 04:25:24,1787707524517,04:25:24,255,0,,0,,0
2026-08-26 04:26:25,1787707585130,04:26:25,255,0,,0,,0
2026-08-26 04:27:25,1787707645589,04:27:25,255,0,,0,,0
2026-08-26 04:28:25,1787707705074,04:28:25,255,0,,1,#474ONGUSDT(0.96),1
2026-08-26 04:29:25,1787707765235,04:29:25,255,0,,0,,0
2026-08-26 04:30:25,1787707825005,04:30:25,255,0,,0,,0
2026-08-26 04:31:24,1787707884770,04:31:24,255,0,,0,,0
2026-08-26 04:32:24,1787707944537,04:32:24,255,0,,0,,0
2026-08-26 04:33:24,1787708004734,04:33:24,255,0,,0,,0
2026-08-26 04:34:25,1787708065565,04:34:25,255,0,,0,,0
2026-08-26 04:35:25,1787708125867,04:35:25,255,0,,0,,0
2026-08-26 04:36:24,1787708184803,04:36:24,255,0,,0,,0
2026-08-26 04:37:25,1787708245070,04:37:25,255,0,,0,,0
2026-08-26 04:38:25,1787708305655,04:38:25,255,0,,1,#474ONGUSDT(0.90),1
2026-08-26 04:39:25,1787708365391,04:39:25,255,0,,0,,0
2026-08-26 04:40:25,1787708425362,04:40:25,255,0,,0,,0
2026-08-26 04:41:25,1787708485116,04:41:25,255,0,,0,,0
2026-08-26 04:42:24,1787708544584,04:42:24,255,0,,0,,0
2026-08-26 04:43:25,1787708605451,04:43:25,255,0,,0,,0
2026-08-26 04:44:24,1787708664953,04:44:24,255,0,,0,,0
2026-08-26 04:45:25,1787708725710,04:45:25,255,0,,0,,0
2026-08-26 04:46:24,1787708784150,04:46:24,255,1,#474ONGUSDT,0,,1
2026-08-26 04:47:24,1787708844477,04:47:24,255,0,,0,,0
2026-08-26 04:48:24,1787708904398,04:48:24,255,0,,0,,0
2026-08-26 04:49:25,1787708965022,04:49:25,255,0,,0,,0
2026-08-26 04:50:24,1787709024542,04:50:24,255,0,,0,,0
2026-08-26 04:51:25,1787709085286,04:51:25,255,0,,0,,0
2026-08-26 04:52:25,1787709145181,04:52:25,255,0,,0,,0
2026-08-26 04:53:25,1787709205472,04:53:25,255,0,,0,,0
2026-08-26 04:54:25,1787709265447,04:54:25,255,0,,0,,0
2026-08-26 04:55:25,1787709325215,04:55:25,255,0,,0,,0
2026-08-26 04:56:25,1787709385633,04:56:25,255,0,,0,,0
2026-08-26 04:57:25,1787709445444,04:57:25,255,0,,0,,0
2026-08-26 04:58:26,1787709506530,04:58:26,255,0,,0,,0
2026-08-26 04:59:24,1787709564603,04:59:24,255,0,,0,,0
2026-08-26 05:00:26,1787709626043,05:00:26,255,0,,0,,0
2026-08-26 05:01:24,1787709684690,05:01:24,255,0,,1,#172CASHCATUSDT(1.01),1
2026-08-26 05:02:25,1787709745020,05:02:25,255,0,,1,#172CASHCATUSDT(1.25),1
2026-08-26 05:03:25,1787709805268,05:03:25,255,0,,0,,0
2026-08-26 05:04:25,1787709865672,05:04:25,255,0,,0,,0
2026-08-26 05:05:25,1787709925604,05:05:25,255,0,,0,,0
2026-08-26 05:06:25,1787709985925,05:06:25,255,0,,0,,0
2026-08-26 05:07:25,1787710045634,05:07:25,255,0,,0,,0
2026-08-26 05:08:25,1787710105707,05:08:25,255,0,,0,,0
2026-08-26 05:09:25,1787710165611,05:09:25,255,0,,0,,0
2026-08-26 05:10:25,1787710225640,05:10:25,255,0,,0,,0
2026-08-26 05:11:25,1787710285636,05:11:25,255,0,,0,,0
2026-08-26 05:12:25,1787710345330,05:12:25,255,0,,0,,0
2026-08-26 05:13:25,1787710405188,05:13:25,255,0,,0,,0
2026-08-26 05:14:25,1787710465279,05:14:25,255,0,,0,,0
2026-08-26 05:15:25,1787710525653,05:15:25,255,0,,0,,0
2026-08-26 05:16:24,1787710584743,05:16:24,255,0,,1,#474ONGUSDT(1.01),1
2026-08-26 05:17:25,1787710645379,05:17:25,255,0,,0,,0
2026-08-26 05:18:24,1787710704772,05:18:24,255,0,,0,,0
2026-08-26 05:19:25,1787710765477,05:19:25,255,0,,0,,0
2026-08-26 05:20:25,1787710825239,05:20:25,255,0,,0,,0
2026-08-26 05:21:25,1787710885751,05:21:25,255,0,,0,,0
2026-08-26 05:22:25,1787710945493,05:22:25,255,0,,0,,0
2026-08-26 05:23:25,1787711005279,05:23:25,255,0,,0,,0
2026-08-26 05:24:25,1787711065570,05:24:25,255,0,,0,,0
2026-08-26 05:25:25,1787711125217,05:25:25,255,0,,0,,0
2026-08-26 05:26:25,1787711185856,05:26:25,255,0,,0,,0
2026-08-26 05:27:25,1787711245800,05:27:25,255,0,,0,,0
2026-08-26 05:28:25,1787711305721,05:28:25,255,0,,0,,0
2026-08-26 05:29:24,1787711364644,05:29:24,255,0,,0,,0
2026-08-26 05:30:26,1787711426640,05:30:26,255,0,,0,,0
2026-08-26 05:31:25,1787711485529,05:31:25,255,0,,0,,0
2026-08-26 05:32:25,1787711545051,05:32:25,255,0,,0,,0
2026-08-26 05:33:24,1787711604804,05:33:24,255,0,,0,,0
2026-08-26 05:34:25,1787711665566,05:34:25,255,0,,0,,0
2026-08-26 05:35:26,1787711726006,05:35:26,255,0,,0,,0
2026-08-26 05:36:25,1787711785741,05:36:25,255,0,,0,,0
2026-08-26 05:37:25,1787711845234,05:37:25,255,0,,1,#474ONGUSDT(0.93),1
2026-08-26 05:38:26,1787711906869,05:38:26,255,0,,0,,0
2026-08-26 05:39:25,1787711965665,05:39:25,255,0,,0,,0
2026-08-26 05:40:24,1787712024776,05:40:24,255,0,,0,,0
2026-08-26 05:42:22,1787712142750,05:42:22,255,0,,0,,0
2026-08-26 05:42:50,1787712170566,05:42:50,255,0,,0,,0
2026-08-26 05:43:53,1787712233690,05:43:53,255,0,,0,,0
2026-08-26 05:44:59,1787712299512,05:44:59,255,0,,0,,0
2026-08-26 05:46:34,1787712394840,05:46:34,255,0,,0,,0
2026-08-26 05:47:09,1787712429672,05:47:09,255,0,,0,,0
2026-08-26 05:48:09,1787712489128,05:48:09,255,0,,0,,0
2026-08-26 05:49:10,1787712550424,05:49:10,255,0,,0,,0
2026-08-26 05:50:08,1787712608537,05:50:08,255,0,,0,,0
2026-08-26 05:51:31,1787712691379,05:51:31,255,0,,0,,0
2026-08-26 05:52:08,1787712728310,05:52:08,255,0,,0,,0
2026-08-26 05:58:24,1787713104811,05:58:24,255,0,,0,,0
2026-08-26 06:01:27,1787713287982,06:01:27,255,0,,0,,0
2026-08-26 06:05:49,1787713549570,06:05:49,255,0,,1,#474ONGUSDT(1.01),1
2026-08-26 13:00:44,1787738444007,13:00:44,255,0,,0,,0
2026-08-26 13:01:27,1787738487050,13:01:27,255,0,,0,,0
2026-08-26 13:02:24,1787738544012,13:02:24,255,0,,1,#459ONGUSDT(1.03),1
2026-08-26 13:03:28,1787738608807,13:03:28,255,0,,0,,0
2026-08-26 13:04:45,1787738685506,13:04:45,255,0,,0,,0
2026-08-26 13:05:33,1787738733899,13:05:33,255,0,,0,,0
2026-08-26 13:06:26,1787738786423,13:06:26,255,0,,0,,0
2026-08-26 13:07:22,1787738842687,13:07:22,255,0,,0,,0
2026-08-26 13:08:32,1787738912430,13:08:32,255,0,,0,,0
2026-08-26 13:09:27,1787738967676,13:09:27,255,0,,0,,0
2026-08-26 13:10:37,1787739037096,13:10:37,255,0,,0,,0
2026-08-26 13:11:37,1787739097835,13:11:37,255,0,,0,,0
2026-08-26 13:12:25,1787739145348,13:12:25,255,0,,0,,0
2026-08-26 13:13:32,1787739212355,13:13:32,255,0,,0,,0
2026-08-26 13:14:41,1787739281047,13:14:41,255,0,,0,,0
2026-08-26 13:15:42,1787739342118,13:15:42,255,0,,0,,0
2026-08-26 13:16:41,1787739401425,13:16:41,255,0,,0,,0
2026-08-26 13:17:23,1787739443976,13:17:23,255,0,,0,,0
2026-08-26 13:18:33,1787739513477,13:18:33,255,0,,0,,0
2026-08-26 13:19:28,1787739568022,13:19:28,255,0,,0,,0
2026-08-26 13:20:38,1787739638958,13:20:38,255,0,,1,#529ZEREBROUSDT(0.97),1
2026-08-26 13:21:31,1787739691408,13:21:31,255,0,,0,,0
2026-08-26 13:22:37,1787739757543,13:22:37,255,0,,0,,0
2026-08-26 13:23:47,1787739827040,13:23:47,255,0,,0,,0
2026-08-26 13:24:46,1787739886483,13:24:46,255,0,,0,,0
2026-08-26 13:26:23,1787739983632,13:26:23,255,0,,0,,0
2026-08-26 13:28:20,1787740100925,13:28:20,255,0,,0,,0
2026-08-26 13:30:34,1787740234691,13:30:34,255,0,,0,,0
2026-08-26 13:32:27,1787740347665,13:32:27,255,0,,1,#529ZEREBROUSDT(1.70),1
2026-08-26 13:33:36,1787740416549,13:33:36,255,0,,0,,0
2026-08-26 13:34:35,1787740475757,13:34:35,255,0,,0,,0
2026-08-26 13:35:29,1787740529804,13:35:29,255,0,,0,,0
2026-08-26 13:36:37,1787740597433,13:36:37,255,0,,0,,0
2026-08-26 13:37:35,1787740655383,13:37:35,255,0,,1,#506USUSDT(0.93),1
2026-08-26 13:38:41,1787740721871,13:38:41,255,0,,0,,0
2026-08-26 13:39:33,1787740773896,13:39:33,255,0,,0,,0
2026-08-26 13:40:40,1787740840295,13:40:40,255,0,,0,,0
2026-08-26 13:42:09,1787740929176,13:42:09,255,0,,0,,0
2026-08-26 13:43:54,1787741034826,13:43:54,255,0,,0,,0
2026-08-26 13:44:46,1787741086234,13:44:46,255,0,,0,,0
2026-08-26 13:45:42,1787741142017,13:45:42,255,0,,0,,0
2026-08-26 13:46:39,1787741199687,13:46:39,255,0,,0,,0
2026-08-26 13:49:25,1787741365552,13:49:25,255,0,,0,,0
2026-08-26 13:50:32,1787741432602,13:50:32,255,0,,0,,0
2026-08-26 13:52:00,1787741520177,13:52:00,255,0,,0,,0
2026-08-26 13:53:00,1787741580750,13:53:00,255,0,,0,,0
2026-08-26 13:54:19,1787741659055,13:54:19,255,0,,0,,0
2026-08-26 13:55:28,1787741728246,13:55:28,255,0,,0,,0
2026-08-26 13:57:53,1787741873808,13:57:53,255,0,,0,,0
2026-08-26 14:00:28,1787742028082,14:00:28,255,0,,0,,0
2026-08-26 14:02:28,1787742148035,14:02:28,255,0,,0,,0
2026-08-26 14:04:01,1787742241276,14:04:01,255,0,,0,,0
2026-08-26 14:05:24,1787742324216,14:05:24,255,0,,0,,0
2026-08-26 14:06:35,1787742395189,14:06:35,255,0,,0,,0
2026-08-26 14:07:42,1787742462794,14:07:42,255,0,,1,#162CASHCATUSDT(0.91),1
2026-08-26 14:08:32,1787742512288,14:08:32,255,0,,0,,0
2026-08-26 14:09:26,1787742566736,14:09:26,255,0,,0,,0
2026-08-26 14:10:37,1787742637230,14:10:37,255,0,,1,#162CASHCATUSDT(1.00),1
2026-08-26 14:11:32,1787742692772,14:11:32,255,0,,0,,0
2026-08-26 14:12:50,1787742770553,14:12:50,255,0,,0,,0
2026-08-26 14:13:45,1787742825856,14:13:45,255,0,,0,,0
2026-08-26 14:15:05,1787742905313,14:15:05,255,0,,0,,0
2026-08-26 14:16:06,1787742966050,14:16:06,255,0,,0,,0
2026-08-26 14:17:25,1787743045996,14:17:25,255,0,,0,,0
2026-08-26 14:18:29,1787743109071,14:18:29,255,0,,0,,0
2026-08-26 14:19:55,1787743195129,14:19:55,255,0,,0,,0
2026-08-26 14:21:14,1787743274038,14:21:14,255,0,,0,,0
2026-08-26 14:22:35,1787743355924,14:22:35,255,0,,0,,0
2026-08-26 14:23:27,1787743407367,14:23:27,255,0,,0,,0
2026-08-26 14:24:12,1787743452838,14:24:12,255,0,,0,,0
2026-08-26 14:25:20,1787743520539,14:25:20,255,0,,0,,0
2026-08-26 14:26:14,1787743574309,14:26:14,255,0,,0,,0
2026-08-26 14:27:17,1787743637413,14:27:17,255,0,,0,,0
2026-08-26 14:28:13,1787743693325,14:28:13,255,0,,0,,0
2026-08-26 14:29:14,1787743754501,14:29:14,255,0,,0,,0
2026-08-26 14:30:14,1787743814615,14:30:14,255,0,,0,,0
2026-08-26 14:31:18,1787743878569,14:31:18,255,0,,1,#433VELVETUSDT(0.99),1
2026-08-26 14:32:18,1787743938887,14:32:18,255,0,,1,#433VELVETUSDT(1.09),1
2026-08-26 14:33:07,1787743987877,14:33:07,255,0,,0,,0
2026-08-26 14:34:08,1787744048610,14:34:08,255,0,,0,,0
2026-08-26 14:35:10,1787744110415,14:35:10,255,0,,0,,0
2026-08-26 14:36:06,1787744166757,14:36:06,255,0,,0,,0
2026-08-26 14:37:06,1787744226283,14:37:06,255,0,,0,,0
2026-08-26 14:38:05,1787744285969,14:38:05,255,0,,0,,0
2026-08-26 14:39:08,1787744348417,14:39:08,255,0,,0,,0
2026-08-26 14:40:07,1787744407241,14:40:07,255,0,,0,,0
2026-08-26 14:41:07,1787744467303,14:41:07,255,0,,1,#162CASHCATUSDT(1.05),1
2026-08-26 14:42:06,1787744526250,14:42:06,255,0,,1,#162CASHCATUSDT(1.08),1
2026-08-26 14:43:05,1787744585972,14:43:05,255,0,,1,#175AKEUSDT(1.32),1
2026-08-26 14:44:06,1787744646701,14:44:06,255,0,,1,#175AKEUSDT(1.72),1
2026-08-26 14:45:05,1787744705884,14:45:05,255,0,,1,#175AKEUSDT(1.84),1
2026-08-26 14:46:15,1787744775680,14:46:15,255,0,,0,,0
2026-08-26 14:47:05,1787744825740,14:47:05,255,0,,0,,0
2026-08-26 14:48:10,1787744890121,14:48:10,255,0,,0,,0
2026-08-26 14:49:07,1787744947378,14:49:07,255,0,,0,,0
2026-08-26 14:50:07,1787745007491,14:50:07,255,0,,0,,0
2026-08-26 14:51:07,1787745067520,14:51:07,255,0,,0,,0
2026-08-26 14:52:06,1787745126453,14:52:06,255,0,,0,,0
2026-08-26 14:53:07,1787745187344,14:53:07,255,0,,0,,0
2026-08-26 14:54:07,1787745247427,14:54:07,255,0,,0,,0
2026-08-26 14:55:11,1787745311431,14:55:11,255,0,,0,,0
2026-08-26 14:56:08,1787745368807,14:56:08,255,0,,0,,0
2026-08-26 14:57:09,1787745429301,14:57:09,255,0,,0,,0
2026-08-26 14:58:07,1787745487741,14:58:07,255,0,,0,,0
2026-08-26 14:59:07,1787745547602,14:59:07,255,0,,0,,0
2026-08-26 15:00:09,1787745609052,15:00:09,255,0,,0,,0
2026-08-26 15:01:06,1787745666387,15:01:06,255,0,,0,,0
2026-08-26 15:02:07,1787745727117,15:02:07,255,0,,0,,0
2026-08-26 15:03:06,1787745786647,15:03:06,255,0,,0,,0
2026-08-26 15:04:08,1787745848407,15:04:08,255,0,,0,,0
2026-08-26 15:05:08,1787745908718,15:05:08,255,0,,0,,0
2026-08-26 15:06:08,1787745968121,15:06:08,255,0,,0,,0
2026-08-26 15:07:09,1787746029480,15:07:09,255,0,,0,,0
2026-08-26 15:08:10,1787746090441,15:08:10,255,0,,1,#162CASHCATUSDT(1.04),1
2026-08-26 15:09:10,1787746150438,15:09:10,255,0,,1,#162CASHCATUSDT(1.07),1
2026-08-26 15:10:07,1787746207530,15:10:07,255,0,,0,,0
2026-08-26 15:11:08,1787746268715,15:11:08,255,0,,0,,0
2026-08-26 15:12:06,1787746326775,15:12:06,255,0,,0,,0
2026-08-26 15:13:07,1787746387314,15:13:07,255,0,,0,,0
2026-08-26 15:14:06,1787746446962,15:14:06,255,0,,0,,0
2026-08-26 15:15:07,1787746507941,15:15:07,255,0,,0,,0
2026-08-26 15:16:07,1787746567307,15:16:07,255,0,,0,,0
2026-08-26 15:17:08,1787746628615,15:17:08,255,0,,0,,0
2026-08-26 15:18:10,1787746690071,15:18:10,255,0,,0,,0
2026-08-26 15:19:08,1787746748247,15:19:08,255,0,,0,,0
2026-08-26 15:20:08,1787746808337,15:20:08,255,0,,0,,0
2026-08-26 15:21:07,1787746867458,15:21:07,255,0,,0,,0
2026-08-26 15:22:07,1787746927314,15:22:07,255,0,,0,,0
2026-08-26 15:23:08,1787746988520,15:23:08,255,0,,0,,0
2026-08-26 15:24:08,1787747048725,15:24:08,255,0,,0,,0
2026-08-26 15:25:07,1787747107295,15:25:07,255,0,,0,,0
2026-08-26 15:26:09,1787747169460,15:26:09,255,0,,0,,0
2026-08-26 15:27:09,1787747229189,15:27:09,255,0,,0,,0
2026-08-26 15:28:09,1787747289119,15:28:09,255,0,,0,,0
2026-08-26 15:29:07,1787747347924,15:29:07,255,0,,0,,0
2026-08-26 15:30:09,1787747409173,15:30:09,255,0,,0,,0
2026-08-26 15:31:04,1787747464846,15:31:04,255,0,,0,,0
2026-08-26 15:32:05,1787747525700,15:32:05,255,0,,0,,0
2026-08-26 15:33:06,1787747586660,15:33:06,255,0,,0,,0
2026-08-26 15:34:09,1787747649029,15:34:09,255,0,,0,,0
2026-08-26 15:35:10,1787747710553,15:35:10,255,0,,0,,0
2026-08-26 15:36:07,1787747767542,15:36:07,255,0,,0,,0
2026-08-26 15:37:08,1787747828106,15:37:08,255,0,,1,#162CASHCATUSDT(0.95),1
2026-08-26 15:38:07,1787747887118,15:38:07,255,0,,2,#162CASHCATUSDT(0.99);#433VELVETUSDT(1.11),2
2026-08-26 15:39:07,1787747947287,15:39:07,255,0,,0,,0
2026-08-26 15:40:09,1787748009060,15:40:09,255,0,,0,,0
2026-08-26 15:41:07,1787748067487,15:41:07,255,0,,0,,0
2026-08-26 15:42:07,1787748127723,15:42:07,255,0,,0,,0
2026-08-26 15:43:07,1787748187862,15:43:07,255,0,,0,,0
2026-08-26 15:44:06,1787748246222,15:44:06,255,0,,0,,0
2026-08-26 15:45:07,1787748307759,15:45:07,255,0,,0,,0
2026-08-26 15:46:07,1787748367918,15:46:07,255,0,,0,,0
2026-08-26 15:47:11,1787748431373,15:47:11,255,0,,0,,0
2026-08-26 15:48:19,1787748499308,15:48:19,255,0,,0,,0
2026-08-26 15:49:29,1787748569322,15:49:29,255,0,,0,,0
2026-08-26 15:50:26,1787748626047,15:50:26,255,0,,0,,0
2026-08-26 15:51:10,1787748670363,15:51:10,255,0,,0,,0
2026-08-26 15:52:09,1787748729526,15:52:09,255,0,,0,,0
2026-08-26 15:53:09,1787748789714,15:53:09,255,0,,0,,0
2026-08-26 15:54:08,1787748848596,15:54:08,255,0,,0,,0
2026-08-26 15:55:08,1787748908315,15:55:08,255,0,,0,,0
2026-08-26 15:56:08,1787748968113,15:56:08,255,0,,0,,0
2026-08-26 15:57:07,1787749027609,15:57:07,255,0,,0,,0
2026-08-26 15:58:10,1787749090106,15:58:10,255,0,,0,,0
2026-08-26 15:59:11,1787749151042,15:59:11,255,0,,0,,0
2026-08-26 16:00:11,1787749211869,16:00:11,255,0,,0,,0
2026-08-26 16:01:07,1787749267908,16:01:07,255,0,,0,,0
2026-08-26 16:02:08,1787749328119,16:02:08,255,0,,1,#433VELVETUSDT(1.03),1
2026-08-26 16:03:09,1787749389492,16:03:09,255,0,,0,,0
2026-08-26 16:04:09,1787749449503,16:04:09,255,0,,0,,0
2026-08-26 16:05:07,1787749507984,16:05:07,255,0,,1,#433VELVETUSDT(1.07),1
2026-08-26 16:06:07,1787749567875,16:06:07,255,0,,0,,0
2026-08-26 16:07:09,1787749629331,16:07:09,255,0,,1,#459ONGUSDT(1.00),1
2026-08-26 16:08:09,1787749689254,16:08:09,255,0,,1,#459ONGUSDT(1.17),1
2026-08-26 16:09:08,1787749748872,16:09:08,255,0,,2,#365GPSUSDT(0.91);#459ONGUSDT(1.42),2
2026-08-26 16:10:08,1787749808265,16:10:08,255,0,,2,#365GPSUSDT(1.11);#459ONGUSDT(1.70),2
2026-08-26 16:11:10,1787749870072,16:11:10,255,0,,2,#365GPSUSDT(1.18);#459ONGUSDT(1.84),2
2026-08-26 16:12:09,1787749929587,16:12:09,255,0,,1,#459ONGUSDT(2.40),1
2026-08-26 16:13:10,1787749990462,16:13:10,255,0,,1,#459ONGUSDT(2.58),1
2026-08-26 16:14:08,1787750048055,16:14:08,255,0,,0,,0
2026-08-26 16:15:09,1787750109028,16:15:09,255,0,,0,,0
2026-08-26 16:16:10,1787750170971,16:16:10,255,0,,0,,0
2026-08-26 16:17:07,1787750227859,16:17:07,255,0,,0,,0
2026-08-26 16:18:07,1787750287795,16:18:07,255,0,,1,#162CASHCATUSDT(0.90),1
2026-08-26 16:19:08,1787750348927,16:19:08,255,0,,0,,0
2026-08-26 16:20:09,1787750409444,16:20:09,255,0,,0,,0
2026-08-26 16:21:10,1787750470049,16:21:10,255,0,,0,,0
2026-08-26 16:22:09,1787750529873,16:22:09,255,0,,0,,0
2026-08-26 16:23:07,1787750587950,16:23:07,255,0,,0,,0
2026-08-26 16:24:09,1787750649355,16:24:09,255,0,,0,,0
2026-08-26 16:25:10,1787750710947,16:25:10,255,0,,0,,0
2026-08-26 16:26:10,1787750770257,16:26:10,255,0,,0,,0
2026-08-26 16:27:08,1787750828545,16:27:08,255,0,,0,,0
2026-08-26 16:28:08,1787750888148,16:28:08,255,0,,0,,0
2026-08-26 16:29:09,1787750949118,16:29:09,255,0,,0,,0
2026-08-26 16:30:09,1787751009920,16:30:09,255,0,,0,,0
2026-08-26 16:31:08,1787751068362,16:31:08,255,0,,2,#162CASHCATUSDT(1.02);#536TUTUSDT(1.01),2
2026-08-26 16:32:09,1787751129138,16:32:09,255,0,,0,,0
2026-08-26 16:33:08,1787751188386,16:33:08,255,0,,1,#536TUTUSDT(1.08),1
2026-08-26 16:34:08,1787751248857,16:34:08,255,0,,0,,0
2026-08-26 16:35:10,1787751310093,16:35:10,255,0,,0,,0
2026-08-26 16:36:09,1787751369416,16:36:09,255,0,,0,,0
2026-08-26 16:37:09,1787751429756,16:37:09,255,0,,0,,0
2026-08-26 16:38:10,1787751490239,16:38:10,255,0,,0,,0
2026-08-26 16:39:09,1787751549924,16:39:09,255,0,,0,,0
2026-08-26 16:40:10,1787751610132,16:40:10,255,0,,0,,0
2026-08-26 16:41:12,1787751672027,16:41:12,255,0,,0,,0
2026-08-26 16:42:08,1787751728669,16:42:08,255,0,,0,,0
2026-08-26 16:43:09,1787751789804,16:43:09,255,0,,0,,0
2026-08-26 16:44:09,1787751849590,16:44:09,255,0,,0,,0
2026-08-26 16:45:07,1787751907933,16:45:07,255,0,,0,,0
2026-08-26 16:46:08,1787751968706,16:46:08,255,0,,0,,0
2026-08-26 16:47:08,1787752028509,16:47:08,255,0,,0,,0
2026-08-26 16:48:09,1787752089344,16:48:09,255,0,,0,,0
2026-08-26 16:49:08,1787752148247,16:49:08,255,0,,0,,0
2026-08-26 16:50:09,1787752209581,16:50:09,255,0,,1,#433VELVETUSDT(1.02),1
2026-08-26 16:51:08,1787752268972,16:51:08,255,0,,0,,0
2026-08-26 16:52:08,1787752328196,16:52:08,255,0,,0,,0
2026-08-26 16:53:09,1787752389145,16:53:09,255,0,,1,#459ONGUSDT(2.55),1
2026-08-26 16:54:07,1787752447788,16:54:07,255,0,,1,#459ONGUSDT(2.62),1
2026-08-26 16:55:09,1787752509750,16:55:09,255,0,,0,,0
2026-08-26 16:56:09,1787752569293,16:56:09,255,0,,0,,0
2026-08-26 16:57:09,1787752629378,16:57:09,255,0,,0,,0
2026-08-26 16:58:09,1787752689826,16:58:09,255,0,,0,,0
2026-08-26 16:59:10,1787752750091,16:59:10,255,0,,1,#459ONGUSDT(3.02),1
2026-08-26 17:00:12,1787752812261,17:00:12,255,0,,1,#459ONGUSDT(3.15),1
2026-08-26 17:01:11,1787752871334,17:01:11,255,0,,0,,0
2026-08-26 17:02:12,1787752932492,17:02:12,255,0,,1,#459ONGUSDT(3.43),1
2026-08-26 17:03:10,1787752990988,17:03:10,255,0,,0,,0
2026-08-26 17:04:09,1787753049364,17:04:09,255,0,,0,,0
2026-08-26 17:05:11,1787753111873,17:05:11,255,0,,0,,0
2026-08-26 17:06:10,1787753170750,17:06:10,255,0,,0,,0
2026-08-26 17:07:10,1787753230686,17:07:10,255,0,,0,,0
2026-08-26 17:08:11,1787753291084,17:08:11,255,0,,0,,0
2026-08-26 17:09:12,1787753352620,17:09:12,255,0,,0,,0
2026-08-26 17:10:09,1787753409076,17:10:09,255,0,,0,,0
2026-08-26 17:13:18,1787753598771,17:13:18,255,0,,0,,0
2026-08-26 17:14:37,1787753677105,17:14:37,255,0,,0,,0
2026-08-26 17:15:08,1787753708217,17:15:08,255,0,,0,,0
2026-08-26 17:16:24,1787753784189,17:16:24,255,0,,0,,0
2026-08-26 17:17:15,1787753835307,17:17:15,255,0,,0,,0
2026-08-26 17:18:23,1787753903708,17:18:23,255,0,,0,,0
2026-08-26 17:19:17,1787753957137,17:19:17,255,0,,1,#162CASHCATUSDT(0.93),1
2026-08-26 17:20:16,1787754016967,17:20:16,255,0,,0,,0
2026-08-26 17:21:16,1787754076460,17:21:16,255,0,,0,,0
2026-08-26 17:22:17,1787754137123,17:22:17,255,0,,1,#536TUTUSDT(1.55),1
2026-08-26 17:23:18,1787754198218,17:23:18,255,0,,0,,0
2026-08-26 17:24:16,1787754256124,17:24:16,255,0,,0,,0
2026-08-26 17:25:15,1787754315714,17:25:15,255,0,,0,,0
2026-08-26 17:26:14,1787754374230,17:26:14,255,0,,0,,0
2026-08-26 17:27:21,1787754441127,17:27:21,255,0,,0,,0
2026-08-26 17:28:14,1787754494356,17:28:14,255,0,,0,,0
2026-08-26 17:29:15,1787754555387,17:29:15,255,0,,0,,0
2026-08-26 17:30:15,1787754615096,17:30:15,255,0,,0,,0
2026-08-26 17:31:20,1787754680929,17:31:20,255,0,,0,,0
2026-08-26 17:32:16,1787754736988,17:32:16,255,0,,0,,0
2026-08-26 17:33:19,1787754799979,17:33:19,255,0,,0,,0
2026-08-26 17:34:14,1787754854641,17:34:14,255,0,,0,,0
2026-08-26 17:35:15,1787754915077,17:35:15,255,0,,0,,0
2026-08-26 17:36:16,1787754976120,17:36:16,255,0,,0,,0
2026-08-26 17:37:16,1787755036283,17:37:16,255,0,,0,,0
2026-08-26 17:38:17,1787755097902,17:38:17,255,0,,0,,0
2026-08-26 17:39:13,1787755153486,17:39:13,255,0,,0,,0
2026-08-26 17:40:15,1787755215824,17:40:15,255,0,,0,,0
2026-08-26 17:41:17,1787755277765,17:41:17,255,0,,0,,0
2026-08-26 17:42:14,1787755334417,17:42:14,255,0,,0,,0
2026-08-26 17:43:18,1787755398229,17:43:18,255,0,,1,#459ONGUSDT(4.45),1
2026-08-26 17:44:12,1787755452069,17:44:12,255,0,,0,,0
2026-08-26 17:45:12,1787755512721,17:45:12,255,0,,0,,0
2026-08-26 17:46:15,1787755575642,17:46:15,255,0,,0,,0
2026-08-26 17:47:14,1787755634020,17:47:14,255,0,,0,,0
2026-08-26 17:48:14,1787755694186,17:48:14,255,0,,0,,0
2026-08-26 17:49:14,1787755754709,17:49:14,255,0,,0,,0
2026-08-26 17:50:17,1787755817036,17:50:17,255,0,,0,,0
2026-08-26 17:51:17,1787755877294,17:51:17,255,0,,1,#162CASHCATUSDT(1.04),1
2026-08-26 17:52:20,1787755940686,17:52:20,255,0,,0,,0
2026-08-26 17:53:15,1787755995812,17:53:15,255,0,,1,#162CASHCATUSDT(1.14),1
2026-08-26 17:54:11,1787756051711,17:54:11,255,0,,0,,0
2026-08-26 17:55:12,1787756112914,17:55:12,255,0,,0,,0
2026-08-26 17:56:13,1787756173647,17:56:13,255,0,,1,#162CASHCATUSDT(1.20),1
2026-08-26 17:57:15,1787756235773,17:57:15,255,0,,0,,0
2026-08-26 17:58:11,1787756291825,17:58:11,255,0,,0,,0
2026-08-26 17:59:17,1787756357008,17:59:17,255,0,,1,#162CASHCATUSDT(1.31),1
2026-08-26 18:00:18,1787756418815,18:00:18,255,0,,0,,0
2026-08-26 18:01:18,1787756478035,18:01:18,255,0,,0,,0
2026-08-26 18:02:21,1787756541793,18:02:21,255,0,,0,,0
2026-08-26 18:03:19,1787756599659,18:03:19,255,0,,0,,0
2026-08-26 18:04:16,1787756656153,18:04:16,255,0,,1,#240CYSUSDT(0.93),1
2026-08-26 18:05:26,1787756726112,18:05:26,255,0,,1,#550HNTUSDT(1.00),1
2026-08-26 18:06:16,1787756776225,18:06:16,255,0,,0,,0
2026-08-26 18:07:18,1787756838549,18:07:18,255,0,,0,,0
2026-08-26 18:08:12,1787756892593,18:08:12,255,0,,0,,0
2026-08-26 18:10:56,1787757056129,18:10:56,255,0,,0,,0
2026-08-26 18:11:29,1787757089650,18:11:29,255,0,,0,,0
2026-08-26 18:12:29,1787757149170,18:12:29,255,0,,1,#536TUTUSDT(0.94),1
2026-08-26 18:13:27,1787757207231,18:13:27,255,0,,0,,0
2026-08-26 18:14:47,1787757287743,18:14:47,255,0,,0,,0
2026-08-26 18:15:41,1787757341553,18:15:41,255,0,,0,,0
2026-08-26 18:16:29,1787757389779,18:16:29,255,0,,0,,0
2026-08-26 18:17:20,1787757440990,18:17:20,255,0,,0,,0
2026-08-26 18:18:19,1787757499259,18:18:19,255,0,,0,,0
2026-08-26 18:19:20,1787757560121,18:19:20,255,0,,0,,0
2026-08-26 18:20:21,1787757621232,18:20:21,255,0,,0,,0
2026-08-26 18:21:23,1787757683346,18:21:23,255,0,,2,#432ONTUSDT(1.13);#536TUTUSDT(0.94),2
2026-08-26 18:22:21,1787757741684,18:22:21,255,0,,0,,0
2026-08-26 18:23:20,1787757800436,18:23:20,255,0,,0,,0
2026-08-26 18:24:20,1787757860347,18:24:20,255,0,,1,#536TUTUSDT(1.01),1
2026-08-26 18:25:20,1787757920030,18:25:20,255,0,,1,#536TUTUSDT(1.02),1
2026-08-26 18:26:20,1787757980067,18:26:20,255,0,,0,,0
2026-08-26 18:27:21,1787758041320,18:27:21,255,0,,1,#459ONGUSDT(3.07),1
2026-08-26 18:31:02,1787758262858,18:31:02,255,0,,0,,0
2026-08-26 18:31:39,1787758299002,18:31:39,255,0,,0,,0
2026-08-26 18:32:27,1787758347118,18:32:27,255,0,,0,,0
2026-08-26 18:33:26,1787758406537,18:33:26,255,0,,0,,0
2026-08-26 18:34:26,1787758466631,18:34:26,255,0,,0,,0
2026-08-26 18:35:26,1787758526662,18:35:26,255,0,,0,,0
2026-08-26 18:36:26,1787758586830,18:36:26,255,0,,0,,0
2026-08-26 18:37:26,1787758646888,18:37:26,255,0,,0,,0
2026-08-26 18:38:26,1787758706562,18:38:26,255,0,,0,,0
2026-08-26 18:39:27,1787758767908,18:39:27,255,0,,0,,0
2026-08-26 18:40:26,1787758826420,18:40:26,255,0,,1,#346AIOZUSDT(0.93),1
2026-08-26 18:41:27,1787758887203,18:41:27,255,0,,1,#536TUTUSDT(0.96),1
2026-08-26 18:42:26,1787758946775,18:42:26,255,0,,1,#162CASHCATUSDT(1.02),1
2026-08-26 18:43:28,1787759008969,18:43:28,255,0,,1,#482MAGMAUSDT(0.98),1
2026-08-26 18:44:28,1787759068452,18:44:28,255,0,,0,,0
2026-08-26 18:45:26,1787759126402,18:45:26,255,0,,0,,0
2026-08-26 18:46:25,1787759185504,18:46:25,255,0,,0,,0
2026-08-26 18:47:26,1787759246999,18:47:26,255,0,,0,,0
2026-08-26 18:48:26,1787759306591,18:48:26,255,0,,0,,0
2026-08-26 18:49:27,1787759367367,18:49:27,255,0,,0,,0
2026-08-26 18:50:26,1787759426597,18:50:26,255,0,,0,,0
2026-08-26 18:51:26,1787759486118,18:51:26,255,0,,0,,0
2026-08-26 18:52:26,1787759546051,18:52:26,255,0,,0,,0
2026-08-26 18:53:25,1787759605620,18:53:25,255,0,,0,,0
2026-08-26 18:54:26,1787759666190,18:54:26,255,0,,0,,0
2026-08-26 18:55:26,1787759726075,18:55:26,255,0,,0,,0
2026-08-26 18:56:26,1787759786089,18:56:26,255,0,,0,,0
2026-08-26 18:57:26,1787759846146,18:57:26,255,0,,0,,0
2026-08-26 18:58:26,1787759906098,18:58:26,255,0,,0,,0
2026-08-26 18:59:27,1787759967946,18:59:27,255,0,,0,,0
2026-08-26 19:00:28,1787760028666,19:00:28,255,0,,0,,0
2026-08-26 19:01:27,1787760087913,19:01:27,255,0,,1,#459ONGUSDT(2.14),1
2026-08-26 19:02:28,1787760148240,19:02:28,255,0,,0,,0
2026-08-26 19:03:33,1787760213415,19:03:33,255,0,,0,,0
2026-08-26 19:04:31,1787760271110,19:04:31,255,0,,0,,0
2026-08-26 19:05:26,1787760326897,19:05:26,255,0,,0,,0
2026-08-26 19:06:27,1787760387120,19:06:27,255,0,,1,#482MAGMAUSDT(0.98),1
2026-08-26 19:07:29,1787760449819,19:07:29,255,0,,0,,0
2026-08-26 19:08:26,1787760506638,19:08:26,255,0,,0,,0
2026-08-26 19:09:25,1787760565920,19:09:25,255,0,,1,#240CYSUSDT(0.91),1
2026-08-26 19:10:26,1787760626956,19:10:26,255,0,,0,,0
2026-08-26 19:11:26,1787760686391,19:11:26,255,0,,0,,0
2026-08-26 19:12:24,1787760744911,19:12:24,255,0,,0,,0
2026-08-26 19:13:26,1787760806758,19:13:26,255,0,,1,#482MAGMAUSDT(0.93),1
2026-08-26 19:14:29,1787760869360,19:14:29,255,0,,0,,0
2026-08-26 19:15:26,1787760926704,19:15:26,255,0,,0,,0
2026-08-26 19:16:27,1787760987718,19:16:27,255,0,,0,,0
2026-08-26 19:17:27,1787761047434,19:17:27,255,0,,0,,0
2026-08-26 19:18:26,1787761106717,19:18:26,255,0,,0,,0
2026-08-26 19:19:27,1787761167209,19:19:27,255,0,,0,,0
2026-08-26 19:20:27,1787761227886,19:20:27,255,0,,0,,0
2026-08-26 19:21:27,1787761287893,19:21:27,255,0,,0,,0
2026-08-26 19:22:27,1787761347680,19:22:27,255,0,,0,,0
2026-08-26 19:23:27,1787761407185,19:23:27,255,0,,0,,0
2026-08-26 19:24:26,1787761466891,19:24:26,255,0,,0,,0
2026-08-26 19:25:27,1787761527521,19:25:27,255,0,,0,,0
2026-08-26 19:26:27,1787761587892,19:26:27,255,0,,0,,0
2026-08-26 19:27:30,1787761650585,19:27:30,255,0,,0,,0
2026-08-26 19:28:30,1787761710172,19:28:30,255,0,,0,,0
2026-08-26 19:29:35,1787761775060,19:29:35,255,0,,1,#482MAGMAUSDT(1.11),1
2026-08-26 19:30:29,1787761829719,19:30:29,255,0,,0,,0
2026-08-26 19:31:27,1787761887020,19:31:27,255,0,,0,,0
2026-08-26 19:32:28,1787761948000,19:32:28,255,0,,0,,0
2026-08-26 19:33:27,1787762007675,19:33:27,255,0,,1,#459ONGUSDT(1.88),1
2026-08-26 19:34:27,1787762067747,19:34:27,255,0,,1,#459ONGUSDT(1.94),1
2026-08-26 19:35:38,1787762138680,19:35:38,255,0,,0,,0
2026-08-26 19:36:27,1787762187331,19:36:27,255,0,,0,,0
2026-08-26 19:37:27,1787762247343,19:37:27,255,0,,0,,0
2026-08-26 19:38:27,1787762307347,19:38:27,255,0,,0,,0
2026-08-26 19:39:28,1787762368284,19:39:28,255,0,,0,,0
2026-08-26 19:40:27,1787762427669,19:40:27,255,0,,0,,0
2026-08-26 19:41:27,1787762487388,19:41:27,255,0,,0,,0
2026-08-26 19:42:27,1787762547106,19:42:27,255,0,,0,,0
2026-08-26 19:43:27,1787762607386,19:43:27,255,0,,0,,0
2026-08-26 19:44:27,1787762667901,19:44:27,255,0,,0,,0
2026-08-26 19:45:28,1787762728675,19:45:28,255,0,,1,#162CASHCATUSDT(0.90),1
2026-08-26 19:46:27,1787762787285,19:46:27,255,0,,0,,0
2026-08-26 19:47:26,1787762846870,19:47:26,255,0,,0,,0
2026-08-26 19:48:27,1787762907448,19:48:27,255,0,,0,,0
2026-08-26 19:49:27,1787762967044,19:49:27,255,0,,0,,0
2026-08-26 19:50:26,1787763026938,19:50:26,255,0,,0,,0
2026-08-26 19:51:27,1787763087608,19:51:27,255,0,,0,,0
2026-08-26 19:52:27,1787763147092,19:52:27,255,0,,0,,0
2026-08-26 19:53:27,1787763207196,19:53:27,255,0,,0,,0
2026-08-26 19:54:27,1787763267277,19:54:27,255,0,,0,,0
2026-08-26 19:55:27,1787763327606,19:55:27,255,0,,0,,0
2026-08-26 19:56:26,1787763386343,19:56:26,255,0,,0,,0
2026-08-26 19:57:26,1787763446708,19:57:26,255,0,,0,,0
2026-08-26 19:58:26,1787763506830,19:58:26,255,0,,0,,0
2026-08-26 19:59:27,1787763567140,19:59:27,255,0,,0,,0
2026-08-26 20:00:28,1787763628356,20:00:28,255,0,,0,,0
2026-08-26 20:01:26,1787763686325,20:01:26,255,0,,1,#459ONGUSDT(1.72),1
2026-08-26 20:02:26,1787763746281,20:02:26,255,0,,0,,0
2026-08-26 20:03:30,1787763810747,20:03:30,255,0,,1,#162CASHCATUSDT(0.99),1
2026-08-26 20:04:26,1787763866755,20:04:26,255,0,,0,,0
2026-08-26 20:05:28,1787763928330,20:05:28,255,0,,0,,0
2026-08-26 20:06:28,1787763988108,20:06:28,255,0,,0,,0
2026-08-26 20:07:27,1787764047580,20:07:27,255,0,,0,,0
2026-08-26 20:08:27,1787764107395,20:08:27,255,0,,0,,0
2026-08-26 20:09:27,1787764167618,20:09:27,255,0,,0,,0
2026-08-26 20:10:27,1787764227072,20:10:27,255,0,,0,,0
2026-08-26 20:11:29,1787764289418,20:11:29,255,0,,0,,0
2026-08-26 20:12:29,1787764349107,20:12:29,255,0,,0,,0
2026-08-26 20:13:30,1787764410377,20:13:30,255,0,,0,,0
2026-08-26 20:14:26,1787764466369,20:14:26,255,0,,1,#175AKEUSDT(0.94),1
2026-08-26 20:15:26,1787764526835,20:15:26,255,0,,1,#175AKEUSDT(1.01),1
2026-08-26 20:16:39,1787764599734,20:16:39,255,0,,0,,0
2026-08-26 20:17:26,1787764646679,20:17:26,255,0,,0,,0
2026-08-26 20:18:30,1787764710798,20:18:30,255,0,,0,,0
2026-08-26 20:19:32,1787764772769,20:19:32,255,0,,0,,0
2026-08-26 20:20:26,1787764826663,20:20:26,255,0,,0,,0
2026-08-26 20:21:26,1787764886856,20:21:26,255,0,,0,,0
2026-08-26 20:22:27,1787764947491,20:22:27,255,0,,0,,0
2026-08-26 20:23:27,1787765007423,20:23:27,255,0,,0,,0
2026-08-26 20:24:27,1787765067627,20:24:27,255,0,,0,,0
2026-08-26 20:25:29,1787765129208,20:25:29,255,0,,0,,0
2026-08-26 20:26:27,1787765187505,20:26:27,255,0,,0,,0
2026-08-26 20:27:27,1787765247470,20:27:27,255,0,,0,,0
2026-08-26 20:28:27,1787765307138,20:28:27,255,0,,0,,0
2026-08-26 20:29:26,1787765366820,20:29:26,255,0,,0,,0
2026-08-26 20:30:28,1787765428910,20:30:28,255,0,,0,,0
2026-08-26 20:31:29,1787765489450,20:31:29,255,0,,0,,0
2026-08-26 20:32:34,1787765554315,20:32:34,255,0,,0,,0
2026-08-26 20:33:33,1787765613488,20:33:33,255,0,,0,,0
2026-08-26 20:34:34,1787765674062,20:34:34,255,0,,0,,0
2026-08-26 20:35:36,1787765736139,20:35:36,255,0,,0,,0
2026-08-26 20:36:42,1787765802240,20:36:42,255,0,,0,,0
2026-08-26 20:37:39,1787765859028,20:37:39,255,0,,0,,0
2026-08-26 20:38:38,1787765918716,20:38:38,255,0,,0,,0
2026-08-26 20:39:39,1787765979076,20:39:39,255,0,,0,,0
2026-08-26 20:40:39,1787766039542,20:40:39,255,0,,0,,0
2026-08-26 20:41:38,1787766098298,20:41:38,255,0,,0,,0
2026-08-26 20:42:38,1787766158889,20:42:38,255,0,,0,,0
2026-08-26 20:43:38,1787766218632,20:43:38,255,0,,0,,0
2026-08-26 20:44:35,1787766275788,20:44:35,255,0,,0,,0
2026-08-26 20:45:30,1787766330553,20:45:30,255,0,,0,,0
2026-08-26 20:46:30,1787766390077,20:46:30,255,0,,0,,0
2026-08-26 20:50:14,1787766614237,20:50:14,255,0,,0,,0
2026-08-26 20:50:59,1787766659816,20:50:59,255,0,,0,,0
2026-08-26 20:51:48,1787766708425,20:51:48,255,0,,0,,0
2026-08-26 20:52:43,1787766763383,20:52:43,255,0,,0,,0
2026-08-26 20:53:52,1787766832265,20:53:52,255,0,,0,,0
2026-08-26 20:54:50,1787766890590,20:54:50,255,0,,0,,0
2026-08-26 20:55:50,1787766950361,20:55:50,255,0,,0,,0
2026-08-26 20:58:08,1787767088491,20:58:08,255,0,,0,,0
2026-08-26 20:58:34,1787767114451,20:58:34,255,0,,0,,0
2026-08-26 20:59:33,1787767173782,20:59:33,255,0,,0,,0
2026-08-26 21:00:40,1787767240653,21:00:40,255,0,,0,,0
2026-08-26 21:01:37,1787767297547,21:01:37,255,0,,0,,0
2026-08-26 21:02:32,1787767352055,21:02:32,255,0,,0,,0
2026-08-26 21:03:33,1787767413374,21:03:33,255,0,,0,,0
2026-08-26 21:04:36,1787767476267,21:04:36,255,0,,0,,0
2026-08-26 21:05:35,1787767535157,21:05:35,255,0,,0,,0
2026-08-26 21:06:33,1787767593014,21:06:33,255,0,,0,,0
2026-08-26 21:07:33,1787767653772,21:07:33,255,0,,0,,0
2026-08-26 21:08:32,1787767712832,21:08:32,255,0,,0,,0
2026-08-26 21:09:34,1787767774713,21:09:34,255,0,,0,,0
2026-08-26 21:10:36,1787767836181,21:10:36,255,0,,0,,0
2026-08-26 21:11:33,1787767893066,21:11:33,255,0,,0,,0
2026-08-26 21:12:32,1787767952400,21:12:32,255,0,,0,,0
2026-08-26 21:13:32,1787768012104,21:13:32,255,0,,0,,0
2026-08-26 21:14:32,1787768072479,21:14:32,255,0,,0,,0
2026-08-26 21:15:33,1787768133755,21:15:33,255,0,,0,,0
2026-08-26 21:16:32,1787768192171,21:16:32,255,0,,0,,0
2026-08-26 21:17:32,1787768252316,21:17:32,255,0,,0,,0
2026-08-26 21:18:32,1787768312929,21:18:32,255,0,,0,,0
2026-08-26 21:19:32,1787768372935,21:19:32,255,0,,0,,0
2026-08-26 21:20:34,1787768434248,21:20:34,255,0,,0,,0
2026-08-26 21:21:32,1787768492692,21:21:32,255,0,,0,,0
2026-08-26 21:22:33,1787768553792,21:22:33,255,0,,0,,0
2026-08-26 21:23:38,1787768618183,21:23:38,255,0,,0,,0
2026-08-26 21:24:33,1787768673383,21:24:33,255,0,,0,,0
2026-08-26 21:25:33,1787768733641,21:25:33,255,0,,0,,0
2026-08-26 21:26:33,1787768793405,21:26:33,255,0,,0,,0
2026-08-26 21:27:34,1787768854313,21:27:34,255,0,,0,,0
2026-08-26 21:28:33,1787768913605,21:28:33,255,0,,1,#459ONGUSDT(1.05),1
2026-08-26 21:29:32,1787768972707,21:29:32,255,0,,1,#459ONGUSDT(1.08),1
2026-08-26 21:30:35,1787769035755,21:30:35,255,0,,0,,0
2026-08-26 21:31:37,1787769097727,21:31:37,255,0,,0,,0
2026-08-26 21:32:40,1787769160407,21:32:40,255,0,,1,#432ONTUSDT(0.92),1
2026-08-26 21:33:47,1787769227816,21:33:47,255,0,,1,#432ONTUSDT(0.96),1
2026-08-26 21:34:45,1787769285515,21:34:45,255,0,,0,,0
2026-08-26 21:35:47,1787769347400,21:35:47,255,0,,0,,0
2026-08-26 21:36:46,1787769406771,21:36:46,255,0,,0,,0
2026-08-26 21:37:43,1787769463703,21:37:43,255,0,,0,,0
2026-08-26 21:38:49,1787769529200,21:38:49,255,0,,1,#459ONGUSDT(1.14),1
2026-08-26 21:39:49,1787769589201,21:39:49,255,0,,1,#459ONGUSDT(1.23),1
2026-08-26 21:40:46,1787769646616,21:40:46,255,0,,0,,0
2026-08-26 21:41:48,1787769708212,21:41:48,255,0,,1,#459ONGUSDT(1.40),1
2026-08-26 21:42:43,1787769763994,21:42:43,255,0,,0,,0
2026-08-26 21:43:44,1787769824299,21:43:44,255,0,,0,,0
2026-08-26 21:44:45,1787769885971,21:44:45,255,0,,0,,0
2026-08-26 21:45:44,1787769944726,21:45:44,255,0,,0,,0
2026-08-26 21:46:50,1787770010134,21:46:50,255,0,,0,,0
2026-08-26 21:47:40,1787770060653,21:47:40,255,0,,0,,0
2026-08-26 21:48:36,1787770116208,21:48:36,255,0,,0,,0
2026-08-26 21:49:35,1787770175564,21:49:35,255,0,,0,,0
2026-08-26 21:50:33,1787770233897,21:50:33,255,0,,0,,0
2026-08-26 21:51:35,1787770295037,21:51:35,255,0,,0,,0
2026-08-26 21:52:33,1787770353707,21:52:33,255,0,,0,,0
2026-08-26 21:53:32,1787770412752,21:53:32,255,0,,0,,0
2026-08-26 21:54:32,1787770472836,21:54:32,255,0,,0,,0
2026-08-26 21:55:31,1787770531869,21:55:31,255,0,,0,,0
2026-08-26 21:56:32,1787770592303,21:56:32,255,0,,0,,0
2026-08-26 21:57:32,1787770652145,21:57:32,255,0,,0,,0
2026-08-26 21:58:32,1787770712798,21:58:32,255,0,,0,,0
2026-08-26 21:59:33,1787770773132,21:59:33,255,0,,0,,0
2026-08-26 22:00:35,1787770835054,22:00:35,255,0,,0,,0
2026-08-26 22:01:33,1787770893837,22:01:33,255,0,,0,,0
2026-08-26 22:02:33,1787770953957,22:02:33,255,0,,0,,0
2026-08-26 22:03:33,1787771013882,22:03:33,255,0,,1,#459ONGUSDT(1.25),1
2026-08-26 22:04:34,1787771074453,22:04:34,255,0,,1,#459ONGUSDT(1.30),1
2026-08-26 22:05:37,1787771137832,22:05:37,255,0,,0,,0
2026-08-26 22:06:33,1787771193877,22:06:33,255,0,,0,,0
2026-08-26 22:07:32,1787771252422,22:07:32,255,0,,0,,0
2026-08-26 22:08:33,1787771313582,22:08:33,255,0,,0,,0
2026-08-26 22:09:33,1787771373308,22:09:33,255,0,,0,,0
2026-08-26 22:10:33,1787771433729,22:10:33,255,0,,0,,0
2026-08-26 22:11:33,1787771493497,22:11:33,255,0,,0,,0
2026-08-26 22:12:33,1787771553091,22:12:33,255,0,,1,#432ONTUSDT(1.00),1
2026-08-26 22:13:33,1787771613570,22:13:33,255,0,,0,,0
2026-08-26 22:14:32,1787771672532,22:14:32,255,0,,1,#175AKEUSDT(1.74),1
2026-08-26 22:15:33,1787771733554,22:15:33,255,0,,1,#175AKEUSDT(2.80),1
2026-08-26 22:16:34,1787771794383,22:16:34,255,1,#175AKEUSDT,1,#459ONGUSDT(1.65),2
2026-08-26 22:17:33,1787771853279,22:17:33,255,0,,1,#175AKEUSDT(4.76),1
2026-08-26 22:18:33,1787771913962,22:18:33,255,0,,1,#175AKEUSDT(6.08),1
2026-08-26 22:19:34,1787771974385,22:19:34,255,1,#175AKEUSDT,1,#459ONGUSDT(1.87),2
2026-08-26 22:20:37,1787772037802,22:20:37,255,0,,1,#459ONGUSDT(2.09),1
2026-08-26 22:21:37,1787772097119,22:21:37,255,1,#550HNTUSDT,0,,1
2026-08-26 22:22:36,1787772156675,22:22:36,255,0,,1,#459ONGUSDT(2.36),1
2026-08-26 22:23:36,1787772216254,22:23:36,255,0,,0,,0
2026-08-26 22:24:34,1787772274756,22:24:34,255,0,,1,#550HNTUSDT(1.22),1
2026-08-26 22:25:33,1787772333583,22:25:33,255,0,,0,,0
2026-08-26 22:26:34,1787772394468,22:26:34,255,0,,0,,0
2026-08-26 22:27:34,1787772454285,22:27:34,255,0,,0,,0
2026-08-26 22:28:35,1787772515509,22:28:35,255,0,,0,,0
2026-08-26 22:29:34,1787772574181,22:29:34,255,0,,0,,0
2026-08-26 22:30:34,1787772634815,22:30:34,255,0,,0,,0
2026-08-26 22:31:35,1787772695162,22:31:35,255,0,,0,,0
2026-08-26 22:32:34,1787772754475,22:32:34,255,0,,0,,0
2026-08-26 22:33:34,1787772814954,22:33:34,255,0,,0,,0
2026-08-26 22:34:33,1787772873595,22:34:33,255,0,,0,,0
2026-08-26 22:35:34,1787772934781,22:35:34,255,0,,0,,0
2026-08-26 22:36:33,1787772993684,22:36:33,255,0,,0,,0
2026-08-26 22:37:34,1787773054400,22:37:34,255,0,,0,,0
2026-08-26 22:38:35,1787773115025,22:38:35,255,0,,0,,0
2026-08-26 22:39:33,1787773173842,22:39:33,255,0,,1,#550HNTUSDT(1.24),1
2026-08-26 22:40:33,1787773233760,22:40:33,255,0,,0,,0
2026-08-26 22:41:33,1787773293780,22:41:33,255,0,,0,,0
2026-08-26 22:42:34,1787773354419,22:42:34,255,0,,0,,0
2026-08-26 22:43:34,1787773414456,22:43:34,255,0,,0,,0
2026-08-26 22:44:34,1787773474170,22:44:34,255,0,,0,,0
2026-08-26 22:45:34,1787773534080,22:45:34,255,0,,0,,0
2026-08-26 22:46:36,1787773596855,22:46:36,255,0,,0,,0
2026-08-26 22:47:33,1787773653562,22:47:33,255,0,,0,,0
2026-08-26 22:48:33,1787773713897,22:48:33,255,0,,0,,0
2026-08-26 22:49:34,1787773774969,22:49:34,255,0,,0,,0
2026-08-26 22:50:34,1787773834047,22:50:34,255,0,,0,,0
2026-08-26 22:51:34,1787773894550,22:51:34,255,0,,0,,0
2026-08-26 22:52:35,1787773955426,22:52:35,255,0,,0,,0
2026-08-26 22:53:39,1787774019202,22:53:39,255,0,,0,,0
2026-08-26 22:54:35,1787774075460,22:54:35,255,0,,0,,0
2026-08-26 22:55:37,1787774137173,22:55:37,255,0,,0,,0
2026-08-26 22:56:35,1787774195465,22:56:35,255,0,,2,#175AKEUSDT(2.59);#459ONGUSDT(1.35),2
2026-08-26 22:57:35,1787774255004,22:57:35,255,0,,0,,0
